Borrower Number,Year 1,Year 2,Year 3,Year 4,Year 5,Year 6,Year 7,Year 8,Year 9,Year 10
1,AAA,BBB,BBB,B,A,BBB,BBB,D,A,BBB
2,A,BB,B,AA,AAA,C,B,AAA,AAA,AAA
3,BB,AA,BB,AA,BB,BB,C,D,BBB,A
4,BBB,BBB,AA,A,B,D,C,C,AA,AAA
5,D,A,AAA,A,C,C,AA,AAA,B,BBB
6,AAA,AA,B,D,BB,BBB,D,AA,AA,AAA
7,C,A,B,D,AAA,D,D,B,AA,AAA
8,AA,AAA,AA,AA,BBB,D,B,BB,AA,BBB
9,A,A,B,BB,AAA,B,D,B,D,BBB
10,AAA,AA,C,BBB,AA,C,BBB,D,B,D
11,BBB,AA,BB,BB,B,BB,AAA,BBB,AA,BBB
12,BB,C,D,C,AA,A,D,D,B,AAA
13,D,BBB,A,C,BB,C,BBB,A,BBB,D
14,BB,BB,BBB,B,D,AA,BB,B,D,BBB
15,B,AAA,B,D,AA,B,D,A,AA,D
16,BBB,AAA,AA,B,A,BBB,BBB,AA,B,BB
17,C,A,B,AAA,A,BB,BB,A,AA,C
18,AAA,B,D,B,AAA,A,B,D,A,C
19,B,D,B,D,AAA,B,AAA,A,AAA,AAA
20,BBB,BBB,AAA,BBB,BB,D,A,C,BB,BBB
21,A,D,B,AAA,BB,AA,BBB,BBB,BB,AAA
22,C,B,D,D,AAA,C,AAA,A,BBB,AA
23,D,AA,BBB,AA,A,BBB,BBB,AAA,B,B
24,AA,BBB,C,BBB,A,AA,A,AA,B,A
25,A,BB,BBB,AAA,AAA,D,BBB,AAA,D,BB
26,C,BBB,B,B,A,C,AAA,C,AAA,AAA
27,AA,A,B,B,D,A,BBB,BB,D,AAA
28,AA,BBB,AAA,BB,D,C,AAA,AAA,AA,BB
29,C,AAA,B,D,BB,B,BBB,D,AA,AAA
30,AAA,BBB,AA,BBB,BBB,B,BB,AA,C,AAA
31,B,AA,C,B,AAA,AAA,BBB,AAA,A,AAA
32,D,D,BBB,AAA,AAA,D,BBB,AAA,A,D
33,D,A,D,A,AAA,AA,C,BBB,D,BB
34,BBB,B,A,B,A,C,AA,BB,AAA,C
35,A,BB,C,B,A,C,B,A,C,B
36,B,AA,AAA,BB,AAA,BBB,C,C,C,C
37,C,BBB,C,C,AAA,BB,B,A,D,AAA
38,B,B,BBB,D,BB,BB,BB,BBB,D,B
39,B,AAA,B,C,BBB,A,A,AA,B,C
40,AAA,C,D,C,BBB,AA,BB,AA,A,B
41,BBB,C,C,A,AAA,D,C,A,AAA,BB
42,B,C,AAA,C,BB,C,B,D,BB,B
43,BBB,D,AA,D,B,AA,C,AAA,AAA,AAA
44,AAA,A,A,C,A,A,C,AAA,D,AA
45,A,B,A,B,AAA,C,AAA,C,AA,C
46,BB,AA,AAA,A,BBB,C,B,BB,D,B
47,A,D,AA,D,B,BBB,BB,AAA,BBB,AAA
48,BBB,A,AAA,C,BBB,BB,BB,C,AA,C
49,A,BBB,BB,B,BB,AA,A,D,D,AAA
50,A,D,C,A,AA,BB,BB,BBB,BB,BB
51,D,B,BB,B,AAA,AA,D,BB,AAA,BB
52,AAA,AAA,B,AAA,AA,D,C,BBB,C,C
53,BBB,AA,AAA,BB,B,A,B,C,A,BBB
54,C,C,BB,BBB,C,AA,B,D,C,C
55,D,AA,C,BB,BBB,C,B,A,B,C
56,BB,D,BBB,A,AAA,B,C,BB,A,BBB
57,A,B,C,A,C,D,A,AA,C,A
58,BB,BB,AAA,BB,D,AA,B,B,AA,A
59,AA,A,AAA,BBB,AA,AAA,AAA,BBB,B,D
60,D,A,B,A,D,BB,BB,AAA,BBB,C
61,AAA,C,BB,BB,B,D,AA,BBB,BBB,C
62,C,C,C,AA,BB,C,AA,BB,BBB,D
63,BBB,D,AAA,A,AA,B,AA,BBB,A,AA
64,BB,D,BB,D,AA,AAA,A,D,BB,A
65,D,C,B,BBB,BB,BB,A,A,D,BBB
66,BBB,B,AA,D,D,C,B,AAA,BBB,D
67,BB,BBB,BBB,BB,AA,C,D,BB,AAA,BB
68,C,A,C,D,AA,A,B,AA,BB,BBB
69,BBB,BB,D,D,BBB,A,BB,D,C,C
70,A,BB,A,A,BB,BBB,B,D,BBB,AAA
71,BB,AA,D,AA,BBB,BBB,AAA,BBB,AAA,D
72,D,A,D,AA,A,C,C,BBB,AAA,AAA
73,C,C,C,BBB,C,C,D,AAA,B,BBB
74,A,C,AA,BB,AA,C,D,C,C,D
75,AAA,BB,AAA,AA,AAA,AA,B,D,AAA,AAA
76,B,BBB,A,A,AA,AA,D,BB,AA,AAA
77,AAA,B,BBB,C,D,AAA,B,AA,A,AA
78,B,D,C,AAA,BB,C,B,C,B,A
79,BBB,BB,C,B,BBB,AAA,BB,D,B,AA
80,BBB,C,AA,AAA,AAA,A,BBB,AAA,BB,AAA
81,BB,B,BB,C,D,BBB,AAA,AA,A,BBB
82,AA,C,B,B,D,AAA,C,AA,BB,AAA
83,BBB,BBB,A,AAA,D,A,BB,BB,D,BB
84,AAA,C,BB,D,C,D,B,BB,AA,B
85,C,D,AAA,B,BB,AAA,D,AAA,C,AAA
86,A,A,AA,A,C,C,AAA,AA,AAA,BB
87,C,B,BBB,B,B,D,AAA,B,D,AA
88,BB,BBB,AA,B,AA,AAA,AA,AAA,A,A
89,AAA,A,C,AAA,A,A,C,B,D,C
90,BBB,B,BBB,BBB,AAA,C,AA,D,C,C
91,BBB,D,C,B,B,AA,BB,AAA,AA,BBB
92,BBB,A,AA,D,BB,C,C,BBB,C,AAA
93,C,B,BB,D,AA,AAA,B,D,B,C
94,BBB,B,AAA,B,D,BB,AAA,BB,C,A
95,AA,BB,D,C,AA,B,AAA,BBB,AAA,A
96,BB,B,D,D,BB,C,BBB,BB,A,C
97,BB,BB,AAA,BBB,A,BB,C,BB,D,C
98,BBB,AAA,B,D,BB,C,D,BBB,AAA,BBB
99,BBB,B,D,AAA,D,AAA,BB,D,BBB,BBB
100,C,C,C,AA,D,A,B,A,BBB,C
101,BB,AA,C,AAA,AAA,BBB,BBB,AA,BBB,AA
102,BBB,C,AA,BBB,AAA,B,AAA,AA,A,AA
103,AA,C,A,BBB,D,D,BB,AA,B,B
104,AA,BB,AA,B,BB,D,B,AA,AAA,BB
105,A,AA,D,D,D,B,AA,A,AAA,B
106,BB,BB,C,BBB,A,A,C,C,AA,D
107,BBB,BB,BBB,AA,A,A,D,B,B,C
108,AAA,C,C,AAA,BB,D,BBB,D,A,A
109,D,BB,BB,C,BBB,AAA,D,BB,AAA,AAA
110,B,D,D,D,BB,C,BB,AAA,BB,D
111,B,D,BB,AAA,D,D,AA,BBB,D,AA
112,AA,C,BBB,C,D,AA,B,D,AAA,C
113,AAA,B,AAA,AAA,BB,C,AAA,AAA,C,AA
114,D,BBB,C,C,AAA,D,BBB,B,A,BBB
115,BBB,BB,B,AAA,AAA,D,D,AAA,A,BBB
116,A,D,AA,B,B,BBB,BBB,BB,C,BB
117,AA,C,D,BBB,BB,C,AAA,BBB,A,AA
118,AA,BBB,C,D,AAA,AAA,C,AAA,D,BBB
119,BB,C,BBB,AAA,D,AAA,AAA,B,AAA,B
120,BB,AAA,C,B,C,D,AAA,C,C,A
121,A,A,BBB,BBB,AAA,BB,AA,D,A,C
122,AA,B,AAA,BBB,D,C,BB,BB,AA,BB
123,B,A,C,AAA,BBB,AA,BBB,BBB,A,B
124,AA,BB,D,C,AAA,AAA,C,BB,C,AA
125,AAA,BBB,D,AA,BBB,BBB,BBB,AAA,BBB,D
126,AAA,A,A,AA,B,AAA,D,A,D,BBB
127,D,D,D,BB,AAA,D,BBB,A,D,AAA
128,C,AA,B,A,BB,AAA,AA,B,AA,AA
129,B,D,C,BBB,A,BB,B,BB,BB,C
130,BBB,A,D,A,AA,C,C,BBB,AA,B
131,BB,B,C,C,A,AAA,BBB,C,BBB,C
132,B,AAA,BB,AA,A,C,D,BB,BB,AAA
133,BB,C,D,BB,AA,BBB,A,AAA,BBB,B
134,AAA,B,D,A,AA,A,BB,AAA,AAA,AA
135,AA,D,AA,BB,AA,AA,AA,C,B,BBB
136,BB,BB,AA,BBB,B,AA,A,AAA,C,D
137,D,B,D,A,D,B,C,BBB,BB,AA
138,BB,B,B,A,BBB,D,D,BB,A,C
139,BB,A,AA,AA,D,B,B,AA,B,AA
140,AA,AA,C,A,BBB,B,B,C,C,C
141,B,B,BB,D,D,BB,C,AAA,C,BB
142,C,AA,AAA,AA,B,AAA,BBB,D,BB,A
143,B,B,A,C,A,C,AA,A,A,AA
144,AA,BBB,D,BBB,D,BBB,BB,D,B,A
145,AA,BBB,D,B,AAA,B,B,BB,AA,A
146,C,A,BB,BBB,D,BBB,BBB,B,BBB,AAA
147,AA,D,AA,AA,D,B,A,AAA,AAA,A
148,AA,AA,BB,AAA,AAA,BBB,B,BB,AA,AAA
149,B,B,AAA,D,BBB,BBB,BB,C,D,AA
150,BBB,BBB,D,D,D,A,D,BBB,BB,B
151,C,B,D,A,B,B,D,C,AAA,C
152,B,C,BBB,A,C,B,BB,B,AA,AA
153,AAA,BBB,AA,A,BBB,B,BB,AAA,C,AAA
154,D,AAA,C,A,A,D,BB,AA,D,D
155,AA,D,BBB,BB,C,B,B,C,BB,B
156,C,AAA,D,A,BB,A,B,AA,BBB,AA
157,D,B,BBB,D,A,A,AAA,BB,A,C
158,C,AAA,A,AAA,BBB,D,BBB,AAA,B,D
159,BBB,BBB,B,B,AAA,BBB,AA,D,C,C
160,AA,BB,D,D,AAA,D,BBB,A,AA,AAA
161,BB,C,B,AA,D,AA,D,BBB,D,BB
162,A,AA,AAA,A,B,AA,BB,C,C,D
163,C,A,BBB,AA,A,B,AAA,AAA,A,A
164,AA,B,AA,B,AA,AA,C,C,BBB,AA
165,AA,C,AA,AA,BBB,BBB,D,D,C,A
166,D,C,BB,AA,BBB,BB,A,B,AA,AA
167,B,BB,BB,AA,D,AAA,AAA,AA,AAA,AAA
168,BBB,A,B,AA,AA,B,BBB,C,AAA,AA
169,BBB,AA,B,D,AA,D,A,C,BBB,C
170,B,AAA,AA,BB,AAA,C,AA,C,AAA,AAA
171,D,A,B,BBB,C,C,B,AA,C,D
172,D,AA,AA,AAA,BB,BBB,AAA,AAA,BBB,AA
173,A,BBB,AAA,C,BBB,B,AA,C,B,BB
174,BBB,AA,BB,A,BB,B,BBB,D,C,BB
175,B,B,D,B,BBB,BB,AA,BBB,BBB,D
176,A,AA,BBB,D,BB,A,BB,BB,BBB,A
177,A,AA,AA,BB,A,B,AAA,D,A,C
178,BB,A,AA,A,B,BBB,BB,A,D,BB
179,B,BBB,BBB,BBB,B,A,AAA,B,AA,AAA
180,D,AA,BB,BB,A,B,C,C,D,A
181,B,AA,D,A,AAA,BBB,AA,AAA,BBB,D
182,A,AA,D,B,BB,AA,C,C,A,A
183,B,B,AAA,D,BB,B,C,D,B,BBB
184,AAA,AAA,AAA,BB,AAA,B,B,D,B,AA
185,BB,B,B,A,BB,A,AA,A,B,AAA
186,BBB,BBB,A,AAA,AAA,AAA,AA,B,C,A
187,AAA,B,A,B,BB,AA,AA,D,A,A
188,D,AAA,A,AAA,B,AAA,A,BB,C,B
189,A,C,BB,C,C,AAA,BBB,BB,B,BBB
190,A,B,BBB,A,BB,B,BBB,AAA,BB,D
191,C,BBB,BB,AA,B,BB,AA,BBB,B,C
192,BBB,AAA,AA,C,A,A,A,AA,BB,C
193,BB,BB,D,BB,AA,D,BB,B,AAA,B
194,BBB,AAA,AAA,AA,C,A,D,D,AA,D
195,BBB,BB,D,D,C,C,A,D,BB,BB
196,BB,C,C,BB,BB,AAA,BBB,AA,AA,AA
197,B,B,A,BB,BB,BB,BB,C,AAA,D
198,A,B,B,AA,BBB,BB,B,BB,C,A
199,D,BBB,B,BB,C,C,AAA,AA,AA,BBB
200,BB,C,AA,A,A,BBB,A,C,AAA,B
201,A,AA,C,BB,BBB,A,AA,BBB,A,B
202,B,BBB,BBB,AAA,A,BBB,AAA,AAA,AAA,C
203,BB,BBB,AAA,AA,B,C,B,C,BBB,B
204,C,BB,AAA,BBB,B,B,BB,AAA,D,A
205,BB,B,BBB,D,A,B,BB,C,D,C
206,AAA,B,BBB,AA,C,AA,BBB,AA,BBB,BB
207,BBB,C,C,C,BBB,C,D,BB,A,B
208,BBB,AAA,AA,AAA,AAA,AAA,B,BB,A,BBB
209,AAA,A,BBB,BBB,AA,BB,B,D,D,D
210,C,D,A,B,D,AA,AA,AAA,AAA,AA
211,D,D,AAA,AAA,D,D,A,B,D,D
212,AA,A,BB,BBB,D,AA,BBB,AA,AA,C
213,B,B,AAA,B,C,AAA,BB,A,BB,AAA
214,B,AAA,B,AA,BB,A,AA,B,A,C
215,B,AAA,AA,C,BBB,BBB,AAA,BB,C,A
216,AA,D,AA,BB,AAA,AA,BB,BB,BB,BB
217,BB,BB,C,A,AA,A,B,A,BBB,A
218,AA,A,AA,A,BB,A,C,AAA,D,AAA
219,D,AAA,BBB,BB,AA,BB,AAA,B,BBB,A
220,AAA,AAA,BB,AAA,C,AAA,A,C,AA,D
221,A,BB,B,AAA,BB,AA,AA,BB,A,BB
222,A,B,BBB,BBB,B,D,B,C,AAA,BBB
223,B,A,A,C,BB,AAA,B,A,C,B
224,BB,AAA,AAA,D,AAA,AAA,AAA,AA,BB,D
225,AAA,D,B,AA,AA,C,A,AAA,BBB,BB
226,A,A,B,BBB,AAA,BB,D,A,AA,AAA
227,C,A,BB,BB,BBB,AAA,D,D,A,AAA
228,C,D,A,B,A,BBB,C,AAA,AA,A
229,BBB,D,A,AA,B,BBB,D,BBB,AAA,D
230,BBB,B,AAA,BB,A,C,BBB,AA,BBB,BB
231,AA,B,AAA,AAA,D,D,BB,B,A,BBB
232,B,BBB,AA,AAA,B,AAA,BB,BBB,D,A
233,A,BBB,D,BB,AAA,AAA,D,AAA,D,AA
234,AA,BB,B,BB,AA,D,B,A,D,BB
235,C,BB,B,C,D,AA,AA,D,AA,A
236,AA,AAA,BB,AA,AAA,AA,D,AA,AAA,D
237,BBB,AA,D,AAA,BB,B,BBB,AA,D,BB
238,D,C,AA,BBB,BBB,C,D,AA,BB,BB
239,D,D,AA,C,BB,B,BB,C,AAA,D
240,C,C,D,C,AAA,D,AAA,D,C,AA
241,A,AA,B,AA,BB,AA,B,A,AAA,A
242,C,BB,AA,A,BB,A,A,BB,A,D
243,AA,BBB,B,AAA,BB,AA,B,BB,D,D
244,AA,B,C,BB,D,BBB,BBB,AA,B,AAA
245,BB,D,D,AAA,D,BB,BBB,BBB,B,AA
246,AAA,D,B,BBB,AAA,AA,D,AA,BB,AA
247,A,AA,C,BBB,BB,A,B,BB,D,BBB
248,BB,AAA,AA,D,B,A,AAA,C,AAA,BB
249,BBB,C,C,B,AA,A,BBB,D,B,B
250,A,C,A,B,C,D,BB,C,AAA,BBB
251,BBB,A,C,B,AA,BB,A,BB,A,C
252,AA,BBB,AAA,C,B,AA,AA,BBB,AAA,C
253,B,BB,D,AA,B,AAA,AAA,AA,AA,BBB
254,B,AAA,B,BBB,BBB,C,C,C,D,AAA
255,AA,C,A,A,A,AA,AAA,D,AA,BB
256,BB,C,AA,D,B,AA,AAA,BBB,D,BB
257,BB,B,BBB,D,C,C,B,AAA,D,BB
258,B,BBB,BBB,D,AA,AAA,BB,C,AAA,BB
259,D,C,A,A,D,AAA,D,AAA,AAA,A
260,AA,BBB,B,BB,BB,AA,AAA,BB,D,AA
261,BB,D,A,A,AAA,D,AA,B,B,B
262,BBB,BBB,AA,C,B,BB,C,A,B,BBB
263,BBB,B,B,C,D,D,BB,BB,D,D
264,BB,C,B,BB,BBB,AAA,A,A,B,AA
265,AA,BBB,AA,AAA,D,BBB,D,C,C,A
266,A,B,D,AAA,BBB,BB,B,BB,C,BB
267,BB,B,BBB,B,B,A,B,BB,D,C
268,C,D,AA,AAA,BB,B,D,BB,AA,B
269,D,BBB,AAA,B,BBB,AA,BB,D,AAA,AAA
270,D,D,A,B,A,BBB,B,B,AAA,BB
271,C,AAA,BBB,BB,BB,AAA,BB,B,BBB,BB
272,C,B,AAA,BB,A,BB,BBB,C,B,AAA
273,B,A,AA,B,C,A,AAA,AAA,A,B
274,BBB,AAA,AA,D,BB,BBB,D,BB,D,BB
275,BBB,C,AA,BBB,C,BB,D,AAA,B,C
276,BBB,B,A,AA,AAA,A,B,B,D,B
277,D,AAA,B,A,C,AA,D,AAA,BBB,D
278,AAA,AA,B,A,AAA,BB,B,BBB,AAA,B
279,A,D,D,A,BB,A,BB,AAA,B,D
280,BBB,C,D,D,BBB,A,AAA,AAA,C,D
281,AA,D,AAA,BB,B,BBB,BBB,D,D,BBB
282,AA,AA,B,AAA,C,D,C,B,BBB,A
283,BBB,AAA,D,D,AA,B,AA,B,BBB,A
284,D,BBB,B,BB,AA,AA,D,AAA,BBB,AAA
285,AA,B,C,BB,C,C,B,C,AA,BBB
286,A,C,B,A,B,A,C,BB,B,D
287,BBB,BB,C,AA,C,AA,A,C,BB,C
288,AA,AAA,AA,B,AAA,AAA,D,C,AA,B
289,B,AAA,A,B,AA,C,BBB,C,C,AA
290,C,A,D,D,B,C,B,B,AA,D
291,BBB,AA,BBB,B,AAA,BB,AAA,AAA,AA,A
292,AA,C,BBB,AAA,A,BBB,D,A,D,C
293,AAA,BB,A,BB,AAA,D,AA,B,BBB,D
294,C,BBB,AAA,BB,BB,AAA,BB,A,BBB,D
295,BB,AAA,B,D,D,C,C,AA,AA,AAA
296,D,B,AA,BBB,BBB,BB,A,AA,BBB,AAA
297,BB,B,AA,BBB,AAA,C,BB,BBB,BB,AA
298,C,C,AAA,C,AAA,BB,AAA,D,B,B
299,C,A,C,BB,D,A,C,D,B,D
300,D,A,A,BBB,AA,B,A,B,A,AAA
301,BBB,A,D,A,BB,BBB,AAA,B,BBB,C
302,C,A,B,AAA,A,AA,B,AAA,B,D
303,AA,D,BB,BB,B,D,BBB,B,D,B
304,BBB,AA,BB,AAA,C,BBB,AA,BB,A,C
305,BB,AAA,BB,A,BB,B,D,A,A,BB
306,A,BB,A,C,AA,BB,B,AAA,BBB,BB
307,D,BB,C,C,AAA,D,B,C,B,A
308,A,AAA,AA,A,A,AA,A,C,A,AA
309,BB,D,A,A,B,BBB,D,A,AA,A
310,BBB,C,C,AAA,BB,A,A,BB,A,D
311,C,D,B,AA,D,A,C,A,A,C
312,BB,BB,A,C,BBB,C,BBB,AAA,AAA,AA
313,C,D,AA,D,B,B,BB,BBB,A,C
314,AAA,C,C,B,C,C,AAA,AA,C,C
315,AAA,BB,A,C,D,B,A,BB,B,C
316,BB,C,BB,BB,AA,AAA,BB,AAA,AAA,A
317,D,BB,D,C,BBB,C,AA,B,B,BB
318,AA,B,AA,AAA,AA,D,B,BB,BB,BB
319,D,AAA,B,A,AAA,AAA,BBB,C,B,AA
320,C,BB,B,B,D,D,AA,D,BB,D
321,BB,AA,B,A,BB,D,D,AAA,C,A
322,AAA,BB,C,AA,B,A,BBB,AA,AAA,C
323,A,C,AA,AAA,B,BBB,A,C,B,BBB
324,B,C,B,BB,A,D,D,A,B,BBB
325,C,B,D,BB,A,BBB,BBB,AAA,D,AA
326,AAA,A,AA,B,A,BBB,BB,AAA,A,AA
327,A,C,AA,A,D,A,C,D,BBB,A
328,C,BB,B,BB,AA,A,BB,AAA,B,BB
329,A,BB,AAA,AAA,AAA,BBB,A,BB,AA,C
330,BBB,A,BBB,AA,AAA,A,A,B,AAA,BBB
331,B,D,BBB,D,AA,BB,AA,A,B,A
332,B,BB,AA,BBB,C,B,AA,BBB,BB,A
333,AAA,A,B,B,D,D,B,AA,BB,B
334,A,BB,AA,AA,AAA,C,C,BB,AAA,A
335,C,AAA,C,B,B,AAA,AA,AA,BB,A
336,BB,B,BB,AA,AAA,BBB,A,BBB,BBB,D
337,AAA,D,BBB,C,BBB,C,AA,BB,BB,BB
338,AAA,B,BBB,AA,A,BBB,AA,BBB,C,B
339,AAA,AAA,A,AAA,A,BBB,BB,D,A,BB
340,D,A,D,BBB,D,BB,B,D,AAA,C
341,AA,A,BB,BBB,D,AAA,C,AA,D,D
342,AAA,C,A,D,B,B,D,D,A,D
343,BBB,A,BBB,BB,BBB,A,B,B,AA,AAA
344,C,AAA,C,D,D,AA,AA,C,AAA,AAA
345,A,BBB,C,C,C,AA,D,B,AAA,AA
346,A,C,BB,AAA,AAA,BBB,C,BB,B,D
347,BB,C,C,AA,AAA,BB,AAA,A,B,A
348,AAA,BBB,B,C,D,BB,AAA,AAA,B,D
349,AA,AAA,AAA,BBB,A,BBB,C,BB,A,C
350,BB,A,C,A,AA,A,BBB,AAA,BB,B
351,AA,AA,BBB,BB,BB,AAA,AAA,BBB,BB,A
352,AAA,D,D,BBB,BBB,C,B,AA,D,A
353,AA,B,BBB,B,D,C,A,C,AAA,AA
354,D,BBB,B,AAA,BBB,D,BBB,AA,B,C
355,BBB,AAA,C,BBB,A,B,A,C,B,BBB
356,D,AAA,BB,C,B,AAA,AAA,AA,B,AAA
357,A,BBB,BB,B,AAA,A,BB,A,BBB,AAA
358,A,A,AA,BB,C,D,BB,AA,B,B
359,C,BBB,BBB,BBB,BBB,D,AA,C,AA,BBB
360,BB,BBB,BB,AA,AAA,B,C,AAA,D,BBB
361,B,D,B,BB,BB,BBB,D,C,C,C
362,AA,AA,B,BBB,BBB,D,BBB,A,C,C
363,AA,BB,AA,B,C,BBB,D,C,AAA,AA
364,A,A,BBB,BB,B,A,AAA,BBB,BBB,BB
365,B,BB,B,C,D,BBB,AAA,D,D,C
366,BBB,C,C,A,BB,AA,B,B,A,D
367,AAA,A,BB,AA,B,B,BB,AA,D,C
368,D,BBB,D,BBB,B,BBB,AA,B,D,C
369,AAA,B,D,BBB,AAA,AAA,D,C,AA,AAA
370,D,A,B,D,AA,A,AAA,AA,BBB,B
371,A,D,BB,D,BB,A,C,BBB,AAA,C
372,C,A,D,C,AAA,C,B,A,BBB,C
373,AAA,AA,A,AAA,AAA,AAA,AA,AAA,AA,C
374,C,AA,AA,D,C,BB,BBB,AA,AA,BB
375,AA,AAA,B,B,BB,A,AA,B,AA,B
376,B,BB,AA,AA,B,A,AA,D,AAA,C
377,AAA,BBB,D,AA,A,AA,D,BBB,D,AAA
378,BBB,AAA,BBB,B,B,C,BBB,B,C,AA
379,BB,C,C,AA,A,BBB,BB,AAA,C,AAA
380,C,AA,BB,B,BBB,AAA,B,AA,BB,BB
381,BB,C,B,C,D,C,C,A,AAA,B
382,BB,AA,BBB,D,BBB,A,BBB,D,AAA,AA
383,BBB,BB,AA,AAA,BBB,C,BBB,D,D,BBB
384,A,AAA,BB,BBB,BBB,BB,AAA,D,B,AAA
385,B,BB,BB,A,B,BBB,BB,D,A,A
386,D,BBB,AA,BBB,BB,AAA,A,AA,BB,D
387,D,C,BBB,BBB,BBB,D,BBB,AAA,AAA,B
388,BB,AA,AAA,A,C,D,A,BBB,AA,D
389,AAA,D,D,AAA,AA,AA,AA,C,BBB,AAA
390,AAA,A,C,B,A,AAA,BBB,AAA,BB,BBB
391,AA,A,BBB,BB,AA,B,A,A,AA,AA
392,A,B,AA,BB,BBB,BBB,AA,C,A,A
393,BBB,A,AAA,A,A,AA,D,BBB,D,C
394,B,D,D,A,C,BBB,AA,AAA,BB,A
395,C,B,AAA,D,BB,AA,AAA,AA,C,C
396,AAA,AAA,B,AA,AA,BBB,C,AA,A,BBB
397,A,AAA,AAA,BB,BB,A,A,AAA,A,A
398,AA,AAA,B,D,C,BB,BB,BB,D,AAA
399,AAA,BBB,D,AAA,BBB,C,B,B,BBB,B
400,BBB,A,AA,BB,BB,BBB,B,C,BB,AA
401,AAA,D,D,A,B,BBB,C,D,B,B
402,D,C,B,B,A,C,BB,A,AAA,A
403,AA,A,BB,AAA,A,B,A,D,C,C
404,AAA,BBB,AA,C,AAA,B,B,BB,AA,BB
405,D,C,AA,B,C,AAA,BB,AA,BBB,AA
406,AA,D,B,AA,B,B,AAA,BBB,A,BBB
407,AA,D,A,BB,B,BBB,C,BBB,BBB,C
408,D,BBB,AA,BB,B,BBB,C,BBB,A,A
409,BB,BB,AA,A,AAA,C,B,BB,C,BB
410,C,D,AA,AAA,BBB,C,BBB,AA,B,BBB
411,AAA,A,AA,BBB,BB,AA,BBB,D,D,BBB
412,B,BB,A,A,C,A,D,D,A,C
413,B,AAA,B,BBB,AAA,AAA,B,AAA,AA,AA
414,C,AAA,BBB,C,C,AA,A,C,AA,AA
415,BB,AAA,B,AA,BBB,BB,BBB,D,B,C
416,D,A,D,AAA,D,B,AA,B,BB,AA
417,B,AAA,B,AAA,C,B,B,A,B,B
418,A,AA,AAA,BBB,C,BB,AAA,A,A,AA
419,AA,BBB,B,BBB,C,A,AA,AA,BBB,AA
420,BB,BBB,BBB,AA,AAA,BBB,AA,BBB,BBB,BB
421,A,AAA,B,BB,B,AA,BBB,C,C,B
422,D,BBB,BBB,AA,BBB,BB,BB,B,B,B
423,C,AA,D,AAA,AA,C,AAA,B,BB,C
424,BB,AA,B,D,AA,D,BBB,AA,AAA,BB
425,BB,C,B,AAA,AAA,A,A,A,D,AA
426,C,AA,A,D,AA,A,B,AA,A,BBB
427,AAA,BB,D,BBB,AA,BB,BBB,D,BB,AA
428,B,A,D,B,A,BBB,AAA,BBB,AA,D
429,D,AA,BB,BBB,B,BB,C,A,BB,B
430,B,AAA,C,BB,BB,C,AA,C,C,AA
431,BBB,A,C,C,BBB,A,AA,BB,BB,C
432,A,AAA,A,AAA,C,BB,A,B,D,A
433,A,BBB,C,BB,BB,A,BB,A,B,AAA
434,BBB,AAA,A,AA,D,AAA,BB,A,AAA,BBB
435,BBB,AA,D,C,AA,C,C,BBB,AA,A
436,C,A,B,A,AAA,B,A,BBB,C,AA
437,AA,AAA,A,AAA,AAA,AAA,AAA,BB,A,BB
438,A,BB,B,D,AA,AAA,AA,BB,D,BBB
439,BB,B,BBB,BB,B,C,D,C,BBB,D
440,D,A,C,AAA,D,AA,BB,C,C,D
441,A,BB,BB,AA,B,D,B,D,B,B
442,AAA,AAA,AAA,AA,A,AA,C,BBB,B,BBB
443,D,B,AA,C,BB,BBB,AA,A,B,BBB
444,BBB,BBB,BBB,BBB,B,AA,BBB,A,AAA,AA
445,AA,AA,A,BBB,AA,A,C,D,BBB,BBB
446,BB,A,AA,C,B,AAA,BBB,BBB,D,BBB
447,B,D,AAA,C,AAA,AA,D,BBB,C,BBB
448,A,AA,C,A,A,BB,AA,AA,A,C
449,AAA,BB,D,AAA,AA,D,AAA,C,D,B
450,BBB,B,AA,C,C,C,D,A,D,D
451,B,AAA,BB,AA,B,B,AAA,BBB,A,A
452,BB,D,AAA,D,C,BB,BB,A,AA,BBB
453,BB,AAA,C,BBB,D,B,BBB,BB,BB,C
454,AA,BB,AAA,BB,AA,BBB,BBB,D,C,BB
455,BBB,B,BBB,AA,BBB,AAA,A,AAA,BBB,C
456,A,BB,B,AA,BB,D,A,A,AA,BB
457,B,A,BB,B,A,BB,BB,AAA,AA,AA
458,B,BBB,AAA,AA,D,D,BBB,AA,BBB,C
459,AA,AAA,AAA,B,B,A,D,BB,BB,C
460,BBB,AA,AA,C,D,C,BB,B,BBB,A
461,BBB,C,A,BB,BB,AAA,B,AA,D,BBB
462,B,D,C,BBB,AA,AA,AAA,BB,A,A
463,D,BBB,D,B,AAA,BBB,BB,A,D,C
464,D,B,BB,A,D,B,AA,C,B,BBB
465,C,AA,AAA,BBB,AAA,A,A,A,AAA,D
466,AAA,AA,AA,B,AA,BBB,AA,AA,A,B
467,AAA,BB,A,A,C,B,B,A,AA,B
468,B,AA,B,BB,AAA,BBB,AAA,BBB,AAA,B
469,B,A,BB,AAA,BBB,BB,A,A,B,A
470,A,D,AAA,BB,D,BB,BBB,AA,AA,A
471,BB,D,D,D,C,B,C,C,C,A
472,B,A,AA,B,AA,C,AAA,AAA,D,A
473,BBB,AA,BBB,BBB,AA,A,AAA,C,AA,BBB
474,BBB,BBB,AA,AA,AAA,BB,C,AAA,BB,BB
475,B,D,C,AAA,C,C,A,BB,AAA,BBB
476,D,C,B,C,D,AA,BBB,BBB,D,A
477,A,BB,B,BB,BB,B,B,BBB,A,A
478,AAA,B,C,D,AA,AAA,C,B,BBB,A
479,B,BBB,B,BBB,AA,A,BB,C,C,BB
480,BB,BBB,BB,AAA,A,AA,AA,A,AAA,BB
481,BBB,B,AA,AA,AA,A,BBB,AA,BB,C
482,BBB,D,AA,D,AA,A,AAA,AA,A,BB
483,AAA,BB,A,D,D,C,D,D,BB,C
484,B,B,AAA,B,B,AAA,AA,BB,AAA,D
485,C,BBB,AAA,AA,A,BB,BBB,AA,BBB,BB
486,B,BBB,A,AA,B,BBB,BB,BB,C,AA
487,BBB,C,BBB,BB,BBB,A,A,B,C,BBB
488,AAA,C,C,C,A,BBB,BB,D,A,AA
489,AA,D,A,C,C,D,AAA,BBB,BBB,AA
490,BBB,A,A,B,AAA,BB,B,AA,BB,D
491,BB,BBB,AA,AA,D,A,BB,C,C,C
492,BBB,AAA,B,A,AA,B,AAA,B,BBB,AAA
493,AAA,A,AA,AAA,C,A,AAA,C,B,AA
494,BBB,BBB,C,B,BB,A,AA,A,B,C
495,AA,AAA,AAA,A,BBB,AA,D,D,C,AA
496,A,AA,D,D,A,AA,BBB,AAA,BBB,D
497,C,BB,B,A,C,AA,AA,C,B,BB
498,AAA,BB,A,BBB,AA,BB,C,BB,B,A
499,AAA,B,A,BBB,A,AAA,BB,B,AAA,C
500,AAA,AA,D,C,BB,BBB,C,B,BB,AAA
501,BB,A,A,BBB,BB,AAA,AAA,AAA,B,B
502,BBB,AAA,D,BB,AAA,D,C,BBB,AAA,C
503,AA,A,AAA,D,BBB,A,D,BB,BB,A
504,BB,D,AAA,D,AAA,D,B,C,BBB,C
505,A,BB,A,BBB,A,BBB,C,BB,D,B
506,BB,A,B,AA,BBB,AA,BB,B,D,C
507,A,BB,BB,AA,AAA,AAA,D,D,AA,BBB
508,BB,BBB,BB,BB,D,A,C,B,D,C
509,AA,A,AAA,AAA,BB,B,AAA,AA,AA,AA
510,D,B,C,B,D,AAA,BBB,BBB,BB,A
511,AAA,D,AAA,D,D,AA,A,BBB,D,AAA
512,D,BBB,AAA,BBB,AAA,AAA,BBB,A,D,C
513,B,BB,AAA,A,AAA,AAA,A,AAA,D,B
514,A,A,BBB,C,A,AAA,C,AA,BBB,BB
515,AAA,BB,D,D,B,A,BBB,BB,A,C
516,BB,AAA,BBB,C,C,C,AAA,D,BBB,AAA
517,B,AA,BB,BB,B,A,BBB,AAA,C,AAA
518,AA,C,D,D,BBB,B,A,BBB,BB,D
519,D,C,B,A,BB,BBB,D,AA,AA,AAA
520,AA,B,BB,C,A,AA,B,AAA,AA,AA
521,A,BB,BBB,BB,BB,AAA,BB,BBB,BBB,AAA
522,AA,BB,C,C,AA,B,AA,BB,BB,AAA
523,A,C,C,AA,B,D,A,D,C,C
524,AA,B,C,AAA,BBB,A,C,B,AA,AA
525,BBB,C,BBB,B,C,C,BBB,B,C,BB
526,BB,AA,D,BB,AA,A,AAA,AA,B,A
527,A,BBB,AA,A,D,C,B,AA,B,AAA
528,BBB,C,AA,D,A,B,AAA,D,D,AAA
529,BBB,B,BBB,BB,C,C,A,B,C,A
530,BBB,AAA,BB,BB,BBB,AA,BBB,A,C,A
531,BBB,BB,BBB,BB,BBB,BB,B,A,D,A
532,B,BBB,B,BB,AA,B,AAA,C,D,BBB
533,C,A,AA,B,BBB,C,AAA,D,C,AAA
534,B,AA,A,AAA,B,AAA,C,C,BB,AA
535,AA,BBB,BB,C,D,C,BB,AAA,BB,B
536,AA,B,BB,A,D,BB,B,B,B,A
537,D,AAA,AA,AA,D,A,BBB,D,B,BBB
538,C,B,B,B,D,C,C,BBB,A,A
539,BBB,AA,AA,BB,BB,C,B,BB,AA,AAA
540,BBB,AAA,BB,BBB,AA,B,C,AA,D,C
541,D,A,A,B,BB,AA,B,B,B,A
542,C,BBB,AAA,BBB,C,BBB,AAA,AAA,B,BBB
543,BB,BB,C,C,C,B,C,B,A,BB
544,C,C,BB,BBB,AA,D,BBB,BB,BB,A
545,BB,C,BBB,A,D,AA,A,BBB,AAA,BBB
546,C,AAA,AAA,B,AAA,D,AA,D,BB,BBB
547,B,A,BBB,C,BB,BB,A,C,D,A
548,C,AA,C,D,A,AAA,AAA,A,AAA,AAA
549,C,AA,BB,AA,BBB,A,AAA,AA,AAA,A
550,AAA,BBB,AAA,B,A,B,BB,A,BB,AA
551,D,AA,AAA,BB,AA,BB,AA,AA,B,B
552,C,D,D,BBB,AAA,B,BB,BB,AAA,B
553,BBB,B,BB,A,C,BBB,AA,BB,B,C
554,AAA,BBB,AA,AAA,B,C,AAA,AA,B,B
555,AA,D,AA,D,BB,C,B,B,AAA,AAA
556,A,BBB,AA,AAA,BB,D,C,C,AA,C
557,A,BBB,AAA,BB,C,A,BB,AAA,D,C
558,AAA,AAA,BBB,BBB,D,AAA,BB,BB,BB,C
559,C,D,A,AAA,D,A,A,AA,BBB,C
560,D,D,A,BBB,D,BB,B,C,BB,AAA
561,AA,D,AAA,AAA,AAA,AA,AA,A,AA,B
562,C,C,D,C,BB,BB,AAA,AAA,AA,D
563,A,AAA,AA,AA,D,AAA,D,AA,C,AAA
564,A,B,AAA,BB,BB,AAA,B,C,D,BB
565,BB,D,B,B,BBB,AAA,B,C,D,AA
566,D,BB,B,B,C,BBB,A,C,BBB,AAA
567,B,AA,A,D,B,AA,AA,D,AAA,AA
568,BB,D,A,AAA,C,AAA,D,B,A,D
569,BB,C,AAA,BB,D,B,AAA,D,B,A
570,AA,AAA,AAA,BBB,AAA,BB,BBB,AAA,B,AAA
571,C,AA,BBB,AA,A,BB,B,C,D,B
572,BBB,AA,B,AAA,BB,C,D,B,D,B
573,BB,B,AAA,AAA,B,BB,A,BBB,A,B
574,BB,BBB,BB,A,B,AA,B,BBB,A,B
575,A,B,AA,BBB,BBB,BB,BBB,B,C,C
576,BBB,AAA,A,B,BB,AA,AA,AAA,AAA,C
577,C,BB,C,AAA,B,AAA,C,D,AA,BBB
578,D,BB,AAA,BB,C,A,B,B,A,A
579,A,B,D,BB,BBB,AA,C,A,BB,BBB
580,A,D,B,D,D,BB,AAA,C,D,D
581,BBB,B,A,BBB,AAA,C,B,BB,AA,BBB
582,B,AA,A,A,D,B,AAA,BB,BB,A
583,C,B,BB,C,AAA,AAA,C,D,AA,C
584,AA,AAA,AAA,C,BB,C,C,AAA,BB,B
585,BB,A,D,A,B,BBB,D,A,AA,BBB
586,C,BBB,A,BB,AAA,D,D,C,AA,BB
587,AA,B,B,A,C,C,B,B,C,AAA
588,B,A,C,AAA,C,C,D,A,BB,BB
589,C,C,AAA,BBB,AA,BB,BBB,AAA,BB,BBB
590,A,AA,AAA,BBB,A,C,AAA,C,B,BB
591,AA,AA,C,BB,BBB,AA,B,B,B,B
592,BB,BBB,A,BB,D,AA,D,C,B,B
593,D,D,BBB,BB,AAA,A,AAA,D,BBB,A
594,BBB,C,A,C,BBB,AAA,A,B,BBB,B
595,A,BBB,C,B,AA,D,A,BB,C,C
596,AAA,BB,B,B,AAA,AAA,AAA,C,AAA,AAA
597,D,AA,A,AAA,AAA,AAA,B,BBB,AAA,AA
598,C,A,AAA,C,AAA,BBB,A,B,A,AA
599,C,C,C,B,B,B,AAA,C,B,A
600,BB,B,B,C,D,BB,C,BBB,AA,AA
601,AAA,B,AAA,B,B,A,D,C,AAA,AA
602,AAA,B,B,B,C,AA,A,C,BBB,D
603,C,AA,BBB,A,AAA,BBB,BBB,D,B,C
604,AA,BB,D,AA,C,AA,AAA,B,C,BBB
605,AAA,BBB,BB,BBB,C,BB,A,A,C,BBB
606,AAA,C,BBB,BB,C,BBB,B,B,BBB,BB
607,BB,AA,BBB,BB,A,C,B,AAA,AAA,AAA
608,AAA,BB,C,AAA,A,AAA,B,C,D,C
609,D,D,BB,D,AA,AAA,AAA,AAA,BBB,BB
610,BBB,C,B,AA,BBB,A,D,BB,A,A
611,BB,B,D,BB,D,AAA,C,A,D,A
612,AAA,B,AA,C,A,D,AAA,D,AA,C
613,B,BBB,C,BB,BBB,BB,B,BB,B,D
614,D,BB,BB,AA,A,AAA,A,BB,D,BBB
615,BB,C,AAA,AAA,A,AA,C,D,BB,D
616,D,BBB,AA,A,AAA,C,AAA,AA,A,AA
617,BBB,A,AA,BBB,C,BBB,C,BBB,AA,A
618,BB,BBB,BBB,C,B,A,BBB,A,B,D
619,AA,D,BBB,AA,B,B,BB,AAA,D,AA
620,BBB,B,BB,B,BB,AA,AA,B,BB,BBB
621,BBB,C,D,D,C,B,B,AA,AAA,AA
622,C,A,BBB,AAA,B,D,AAA,C,B,C
623,AA,B,AAA,AA,D,B,B,A,AA,AA
624,BBB,BBB,AA,BB,C,AA,D,AA,C,A
625,A,AAA,AA,B,D,AAA,BB,AAA,C,B
626,BB,BBB,AAA,AA,B,AAA,A,A,AA,A
627,BB,AA,AAA,D,AAA,B,AAA,AA,D,AAA
628,C,BB,BB,AAA,BBB,BBB,BB,B,BBB,BBB
629,B,A,AAA,A,BB,AA,AAA,BB,BBB,C
630,A,A,BBB,AAA,A,AA,BBB,B,BBB,D
631,C,C,BB,A,C,AA,BB,AA,BBB,BB
632,BB,B,D,B,A,AAA,AAA,C,D,A
633,A,BB,C,B,C,BB,AA,C,D,A
634,BB,B,B,B,AAA,AA,C,B,AAA,BB
635,BBB,B,B,AA,BBB,D,BBB,BBB,D,B
636,AAA,B,B,C,A,BBB,C,C,AAA,BBB
637,B,B,BBB,C,AAA,BB,AAA,BBB,AAA,B
638,AA,A,C,C,AA,D,BB,AA,AA,C
639,B,BBB,BB,BBB,AA,AA,C,A,AAA,AA
640,D,A,AA,C,AA,C,AAA,B,A,AA
641,BBB,BBB,AAA,A,BBB,B,AAA,AA,BBB,B
642,C,D,A,D,C,A,AAA,C,C,D
643,BB,A,D,AAA,BBB,BBB,AAA,BB,BB,D
644,AA,B,C,A,C,B,B,AAA,A,AAA
645,BB,AA,AAA,C,BB,BB,BB,AAA,BB,A
646,BB,BB,BB,BB,A,BBB,AA,D,AA,BB
647,A,D,AAA,BBB,AAA,B,D,D,BBB,D
648,A,AAA,BB,A,C,C,C,A,AAA,BBB
649,BBB,AA,A,C,D,BBB,BB,AA,A,A
650,A,AAA,AAA,A,AA,BBB,C,C,AA,AA
651,BBB,D,AAA,AA,BB,D,AA,B,A,BB
652,D,C,C,AA,BB,AAA,BBB,D,D,BBB
653,BBB,AAA,B,AAA,BB,BBB,A,AA,AAA,AA
654,BB,BB,A,B,C,D,A,BBB,BBB,B
655,AA,A,AAA,BB,B,B,AA,D,AA,AA
656,BBB,BBB,B,B,C,AAA,AA,B,C,AA
657,AA,D,AA,BBB,BB,BBB,A,B,AA,AA
658,A,C,AAA,BBB,BBB,AAA,BBB,BB,AAA,BB
659,AAA,BBB,BB,A,AA,AA,AA,AAA,BB,C
660,AAA,C,D,D,B,BB,AA,A,AA,AAA
661,C,AA,AA,C,BB,AAA,BB,BB,B,BB
662,AAA,BB,AA,A,AA,C,AA,AAA,A,A
663,BBB,A,AAA,A,C,BBB,B,AA,B,AAA
664,A,A,BBB,C,C,AA,A,D,D,A
665,BB,C,AAA,BBB,C,AA,AAA,D,BBB,C
666,C,AA,BBB,B,D,A,AAA,AA,C,D
667,BBB,B,AA,B,AA,AAA,AAA,AA,BBB,A
668,D,AAA,A,D,C,A,BB,AA,C,B
669,D,BBB,BBB,AAA,BB,B,D,BBB,B,AA
670,BB,AA,C,AAA,A,BBB,AAA,BBB,AA,D
671,A,AAA,AAA,C,A,B,B,AAA,AA,AAA
672,D,AA,AAA,BB,AAA,C,A,AA,AA,BBB
673,BBB,C,AA,AAA,B,D,BBB,C,AAA,A
674,BB,AA,AAA,A,B,BBB,A,A,AAA,A
675,BB,C,AAA,AA,AA,BBB,AA,A,A,BBB
676,BBB,BBB,D,BBB,C,AA,D,B,C,BB
677,D,AAA,D,BBB,B,B,A,A,A,D
678,BBB,BB,AAA,AAA,C,BBB,B,AA,BB,BB
679,D,BB,BBB,C,D,AAA,BB,BBB,AAA,B
680,B,BB,BBB,AA,BB,AAA,C,B,B,D
681,A,B,AAA,AAA,D,AAA,D,B,BB,C
682,A,B,A,AA,BB,D,D,D,AA,BBB
683,D,C,AA,C,A,B,AA,B,A,C
684,AA,BB,BB,A,BB,BB,A,A,C,D
685,D,BB,BB,BBB,B,BBB,BB,D,AA,A
686,AA,AAA,BBB,BBB,AA,AA,BB,BBB,A,B
687,D,A,A,B,C,AA,AA,AAA,AA,B
688,AAA,B,A,AA,BB,B,AAA,C,B,BBB
689,B,AA,BB,BBB,B,BB,AA,B,A,BBB
690,BB,B,C,A,A,D,D,C,BB,BB
691,B,AAA,BBB,BBB,BBB,B,BBB,C,B,B
692,BB,A,AAA,A,D,AAA,BBB,AA,AA,A
693,BBB,A,A,BB,AA,B,BB,AAA,C,D
694,BB,C,C,C,B,C,C,AA,AA,AA
695,A,AAA,B,B,A,BBB,AAA,AA,B,BBB
696,B,AAA,BBB,B,BBB,B,AA,BB,BB,D
697,AA,D,AAA,C,C,BB,A,B,B,AAA
698,A,A,BB,AA,BBB,B,AAA,AA,A,AA
699,AA,B,AAA,D,D,AA,D,C,BBB,BBB
700,C,A,D,AAA,BBB,B,D,A,AAA,AAA
701,A,AAA,AA,C,D,D,C,D,AA,B
702,D,D,A,AAA,AA,B,AA,AA,A,BB
703,AA,A,AAA,BBB,C,D,BB,BB,B,AAA
704,C,D,A,D,D,A,AA,B,AAA,AA
705,A,BB,AA,BBB,AA,BB,AAA,A,BBB,AAA
706,BBB,D,BBB,C,BBB,D,A,AAA,D,A
707,BBB,BBB,A,D,BBB,AAA,C,D,BB,AA
708,AAA,BB,AAA,B,BB,C,C,BB,B,A
709,A,AA,C,BB,D,BB,A,AA,BB,C
710,AAA,AAA,BB,AA,D,B,BBB,AAA,AAA,AAA
711,AA,C,AA,BBB,BBB,B,B,A,AAA,BB
712,BB,D,AAA,AAA,B,BBB,C,BB,BB,D
713,D,A,D,A,BB,D,BBB,C,AA,C
714,BB,D,AA,BBB,C,A,D,B,A,B
715,AAA,AA,AAA,D,BBB,B,B,C,BBB,A
716,B,A,B,AA,D,AA,AAA,D,C,BBB
717,AAA,AAA,BBB,B,D,D,AA,B,BB,D
718,B,BBB,AA,AA,AA,A,A,D,AA,BBB
719,D,D,C,C,B,B,C,D,D,A
720,D,C,BBB,AAA,A,BB,A,AAA,D,A
721,D,AA,D,AAA,C,AA,BB,B,C,AA
722,C,D,B,AAA,AA,D,B,B,D,C
723,AAA,BB,BBB,C,AAA,B,BB,D,D,B
724,AA,B,A,AAA,B,AA,A,D,AAA,C
725,C,D,AA,AAA,AAA,C,BBB,B,AAA,AAA
726,C,A,AA,AA,C,BBB,AAA,AA,AA,AA
727,AA,BB,D,B,B,BBB,BB,C,AAA,A
728,AAA,B,AA,BBB,B,C,D,AAA,AAA,AAA
729,A,BBB,AAA,B,BB,AAA,AAA,AA,AA,AA
730,AA,A,C,C,A,AA,AA,AA,D,BB
731,AA,BB,B,BB,BB,A,C,B,AA,AA
732,AAA,BBB,BB,AAA,B,BB,BBB,AAA,C,BB
733,C,AA,C,BB,AAA,B,A,B,A,A
734,AAA,D,D,AAA,D,AAA,BB,C,BB,AAA
735,B,AA,B,AA,AAA,BBB,C,B,C,BB
736,BB,C,AAA,AAA,B,B,A,AAA,B,BBB
737,BBB,D,D,B,AA,B,AA,AAA,C,BB
738,AA,B,B,BBB,BB,BB,BBB,AA,D,BBB
739,B,AAA,BBB,D,B,BB,C,AA,AA,AA
740,D,AA,AAA,C,D,BB,AA,AAA,A,A
741,A,B,D,AA,D,B,C,BB,BBB,B
742,AA,A,BB,AA,D,AA,BBB,A,AA,D
743,BB,AAA,AA,AA,D,AA,AAA,BBB,B,B
744,AA,BB,D,A,BB,D,B,C,C,BBB
745,D,B,B,BB,D,BBB,D,B,D,AA
746,A,D,AA,B,A,BBB,AA,BB,BBB,AA
747,AA,D,B,AA,D,BBB,D,C,C,AA
748,BBB,AA,BB,BB,A,B,AAA,D,D,BB
749,C,BB,C,C,BB,AAA,BB,B,B,B
750,AAA,BB,AA,D,AAA,AA,AA,C,BB,BB
751,BBB,D,BBB,D,A,B,BB,B,A,AA
752,D,B,A,C,BB,BB,D,BBB,BBB,C
753,C,BBB,D,C,C,B,B,D,AAA,B
754,BBB,D,BBB,A,C,A,BB,AA,B,BBB
755,A,C,BB,BB,C,C,AAA,BBB,BB,BBB
756,AAA,AAA,BB,BBB,BB,D,AAA,BBB,BB,BBB
757,AAA,BB,D,AAA,A,D,C,A,BB,A
758,AAA,AA,BBB,C,A,BBB,BBB,BB,B,AA
759,B,C,B,D,AA,C,A,BBB,AA,B
760,AA,C,D,BBB,C,B,C,D,D,AAA
761,AAA,AA,AA,BBB,BBB,AAA,B,BBB,AAA,B
762,AAA,AAA,D,A,AA,BBB,AAA,B,AA,BB
763,AA,B,BBB,AAA,BB,C,A,BB,BBB,C
764,BB,A,A,BBB,BB,C,BB,BBB,BBB,AAA
765,D,AAA,C,AAA,C,BB,AAA,C,AA,A
766,C,A,BBB,A,A,BB,AA,BB,C,D
767,D,BBB,A,C,BB,BBB,AAA,D,C,C
768,BBB,B,BBB,AA,AAA,C,AA,BBB,AAA,D
769,A,AAA,B,AAA,BBB,A,BBB,C,D,AA
770,A,D,C,D,D,BBB,AA,C,D,BBB
771,AAA,AA,BB,AA,BB,B,B,C,A,C
772,C,A,A,D,AAA,BBB,BB,A,C,B
773,D,AA,AA,BB,A,A,AA,AAA,AAA,AA
774,AAA,B,C,AA,AAA,BB,D,C,C,BBB
775,AA,BB,B,BB,BBB,AA,D,AAA,B,D
776,B,B,C,AAA,A,AAA,B,D,D,BB
777,AAA,A,AAA,D,C,AA,C,A,BBB,BB
778,BB,B,C,A,B,AAA,BB,BBB,D,AA
779,A,AAA,AAA,D,B,BBB,AAA,C,BB,B
780,AAA,BBB,C,C,B,B,C,AAA,B,BBB
781,D,AA,AAA,C,AAA,D,BBB,B,AAA,D
782,BBB,AAA,AAA,BB,AA,D,C,BBB,C,A
783,A,BBB,BB,AA,BBB,C,B,BBB,C,C
784,BBB,D,AA,BBB,A,BB,A,A,D,AAA
785,C,AAA,AAA,B,C,BB,AA,C,C,AAA
786,BB,BB,A,D,BBB,D,AA,AAA,BBB,BBB
787,BBB,BB,BBB,A,BBB,BB,B,BBB,BBB,BB
788,BBB,AA,B,C,AAA,AA,B,B,C,D
789,AA,A,C,A,BBB,AA,A,AA,D,AAA
790,BB,AA,D,AAA,BB,BBB,A,BB,A,BB
791,AA,B,BB,BBB,B,BB,D,D,BB,AAA
792,AAA,C,BB,BBB,D,C,B,B,AA,D
793,A,C,C,A,AA,A,D,D,AAA,A
794,BBB,D,BB,C,A,BBB,AA,B,B,BB
795,AAA,AA,BB,D,B,D,BB,B,B,AAA
796,AA,C,D,AA,D,C,BBB,C,AAA,BB
797,AAA,A,B,BB,D,A,AAA,BBB,AA,BB
798,B,C,C,BBB,BB,A,D,AA,BB,C
799,B,AAA,A,AAA,BBB,A,C,C,B,C
800,D,AA,C,BBB,C,AAA,AA,BB,A,BBB
801,AAA,C,D,D,BB,BBB,AAA,AA,BBB,AAA
802,D,A,D,B,BBB,AAA,AA,B,B,AAA
803,BBB,D,AA,C,A,BB,BB,AA,C,AAA
804,B,AA,AA,C,BBB,AAA,BBB,C,AAA,AAA
805,C,AA,AAA,BBB,B,C,B,AA,AA,BB
806,C,BBB,A,BBB,C,B,BB,BBB,AA,B
807,A,D,A,C,D,AA,C,C,AAA,BB
808,C,BBB,AAA,D,D,C,AA,B,AA,BBB
809,A,B,B,AA,AAA,A,BBB,B,D,AAA
810,BBB,AAA,BB,AA,AAA,BBB,AA,AA,AAA,BB
811,B,AAA,B,A,C,D,AAA,D,A,A
812,D,AAA,B,A,A,BB,BBB,A,AA,A
813,BB,C,BBB,B,BBB,B,B,A,B,C
814,C,BB,AA,D,B,AA,D,BBB,BB,AA
815,BBB,A,AA,BB,B,BB,AAA,AAA,A,BB
816,BBB,BBB,BBB,BB,AAA,A,C,D,BB,BBB
817,BB,C,AA,B,A,AAA,AAA,BBB,BB,D
818,A,BBB,AAA,AAA,AA,B,BBB,BBB,B,A
819,BBB,C,BBB,BBB,A,AA,D,D,C,C
820,BBB,B,B,AAA,C,BBB,AA,BB,AA,BBB
821,AAA,BBB,A,A,BBB,BB,AA,C,AAA,AA
822,AA,BBB,BB,AA,AAA,BBB,C,B,C,D
823,D,BBB,AAA,AA,A,A,AA,AAA,C,AA
824,AA,A,D,AAA,AAA,B,B,B,BBB,A
825,AA,B,B,D,B,BB,D,AAA,A,AA
826,A,AAA,AAA,A,AA,A,AAA,AA,A,D
827,BB,AAA,B,D,AAA,D,BB,AAA,D,A
828,D,AA,A,AA,BBB,A,AAA,A,AAA,AA
829,AAA,D,C,AA,D,A,AAA,BBB,A,B
830,AA,AA,D,D,A,AA,C,AA,A,BB
831,BB,D,C,AA,AAA,AA,AA,AA,AAA,B
832,AAA,AAA,D,C,D,BB,BB,D,AA,BB
833,AA,BBB,AAA,AA,B,AAA,C,BB,B,AAA
834,BB,AAA,D,B,AA,C,C,AAA,A,B
835,AA,BBB,BBB,BB,A,D,B,B,AAA,A
836,AA,AAA,C,A,AA,B,AAA,B,C,B
837,A,C,D,AAA,BBB,AAA,BB,A,AAA,BBB
838,AAA,A,BB,D,AAA,A,B,A,B,C
839,AA,BBB,B,AAA,B,B,B,AA,A,B
840,AAA,BB,A,D,D,BBB,AAA,BB,BB,D
841,AA,B,BBB,AA,A,BB,A,AA,C,D
842,D,BBB,AAA,B,AA,B,BBB,A,BBB,BBB
843,BB,A,B,BB,C,AAA,BBB,BBB,B,A
844,D,B,A,A,AAA,AA,BBB,B,C,A
845,BBB,BBB,D,C,AAA,B,AAA,C,C,A
846,B,B,D,A,BB,AAA,B,BBB,AAA,C
847,BB,BB,BB,BBB,B,BB,D,BB,AA,B
848,BB,BBB,D,AAA,BBB,B,D,A,AAA,D
849,A,AA,BB,AA,BBB,BB,BBB,AAA,A,AAA
850,BBB,BBB,BB,C,AA,B,AAA,C,D,D
851,AAA,BB,D,AAA,D,AAA,A,C,AAA,AAA
852,B,C,A,C,BBB,AAA,AA,C,BBB,AAA
853,A,A,D,AAA,AAA,C,D,C,BBB,BBB
854,B,C,BBB,A,B,A,AA,D,BBB,BBB
855,D,BBB,A,AAA,AAA,D,AAA,AA,A,AA
856,BBB,AAA,B,C,BBB,D,C,BB,BBB,B
857,BB,A,C,BB,D,C,B,B,AAA,AAA
858,AA,A,AAA,AA,A,BB,C,AA,BB,B
859,AA,AAA,D,BBB,BBB,C,B,AAA,C,D
860,D,AA,D,AA,B,C,C,B,A,AAA
861,AAA,BB,B,BBB,AAA,B,BB,C,AA,A
862,BB,AAA,BBB,A,AA,BB,A,BB,C,B
863,C,B,A,AAA,BB,D,BB,BB,C,D
864,AA,B,BB,B,D,BB,BBB,BBB,BB,BB
865,BB,BB,AAA,D,B,C,B,AAA,C,D
866,AAA,BBB,B,AA,A,C,C,C,BB,C
867,B,C,BBB,D,C,D,B,B,BBB,AA
868,BBB,BB,AA,D,BB,BB,D,D,BBB,C
869,BBB,BB,AA,BB,B,C,BB,C,C,D
870,C,D,BBB,A,B,C,BB,AA,B,BBB
871,AA,AA,B,D,A,D,C,D,AAA,AAA
872,D,AA,D,AAA,AAA,BB,D,BB,C,D
873,BBB,B,D,BBB,C,AAA,B,AA,BB,AAA
874,AA,A,AAA,AA,AAA,D,B,BBB,C,BBB
875,BBB,C,D,C,C,BB,C,BB,D,B
876,C,C,B,BB,C,BBB,AA,D,C,AA
877,A,C,B,BB,AAA,D,AAA,BB,BB,B
878,A,B,BBB,B,B,B,C,B,BBB,D
879,AA,C,D,BBB,A,A,D,AA,BBB,A
880,BBB,D,D,A,BB,AAA,AA,AAA,A,C
881,A,AA,AA,AAA,A,AAA,BB,AA,D,C
882,D,AA,B,BB,BB,B,C,AA,BBB,BBB
883,C,B,B,AA,B,C,BBB,C,B,C
884,D,D,C,AAA,A,BBB,BB,C,BB,C
885,AA,A,A,BBB,C,B,C,D,AAA,D
886,AA,C,BB,AAA,D,A,D,D,C,AAA
887,BBB,B,C,AA,B,BBB,BBB,BB,D,BB
888,A,BB,AAA,C,C,B,AAA,D,B,B
889,B,B,D,AAA,C,BB,C,B,C,B
890,AA,BBB,B,BBB,BB,D,A,BB,A,B
891,D,BB,AA,BB,D,C,A,B,BB,AA
892,BBB,B,A,AA,C,A,D,BBB,B,A
893,AAA,D,AAA,BBB,A,AAA,BB,A,AA,BB
894,A,AA,AAA,BB,C,BB,AA,B,A,C
895,AA,B,AAA,A,AAA,C,AA,A,B,D
896,AAA,BB,B,C,BBB,BBB,BBB,BB,AAA,AA
897,BBB,C,C,BB,AAA,C,D,AAA,D,B
898,AAA,BB,C,BB,D,B,AA,AAA,AAA,BBB
899,BB,AAA,D,AA,C,AAA,D,AAA,D,BB
900,A,BBB,B,D,AA,D,D,A,BBB,BB
901,AA,AA,B,AA,A,BBB,AA,AAA,BBB,BB
902,D,A,BB,AAA,BBB,BBB,D,AAA,B,AA
903,BB,AAA,C,AAA,AA,BBB,A,AA,C,B
904,D,BB,AA,AA,AA,BB,A,AA,AAA,D
905,C,D,AAA,A,BB,A,D,B,BB,D
906,BBB,AAA,C,D,AA,AA,BBB,A,D,D
907,BBB,BBB,A,D,C,A,A,D,BB,BB
908,AAA,B,AA,AAA,AA,D,B,BB,D,B
909,D,B,BBB,C,A,A,C,A,BB,AA
910,D,B,AA,BBB,BB,D,A,B,C,AA
911,A,AA,B,C,B,AAA,C,BB,B,D
912,B,C,A,BB,A,AA,AA,BB,AAA,BBB
913,C,D,BBB,D,D,BB,D,C,C,AAA
914,C,B,C,D,C,D,D,B,C,A
915,AAA,AA,AAA,A,A,D,BBB,BBB,AA,AAA
916,B,D,AAA,B,BB,A,C,B,A,AAA
917,D,A,BBB,C,C,BBB,D,D,BB,BB
918,D,A,BBB,C,A,B,BB,BBB,BB,AAA
919,A,BBB,AA,B,B,AAA,B,A,B,A
920,BBB,D,BBB,C,B,A,B,BBB,BBB,C
921,AAA,BBB,AA,C,AA,C,AA,A,BB,AAA
922,BB,AAA,AA,A,C,AAA,A,D,D,B
923,A,AAA,B,D,AA,AA,D,BBB,C,AAA
924,AA,BBB,BB,D,BB,BBB,BB,C,AAA,AA
925,A,A,C,B,A,AA,BB,A,D,AAA
926,B,BB,AA,A,A,BB,AA,BBB,C,AA
927,BBB,AA,D,BB,C,B,BB,B,D,AA
928,C,A,BBB,D,BB,A,AAA,C,D,D
929,A,AA,A,AA,A,AA,A,A,AA,C
930,BBB,B,AA,BB,BBB,B,BB,BBB,AAA,C
931,AAA,AA,D,A,B,B,AA,BB,B,AAA
932,C,AA,C,A,B,BBB,C,D,A,B
933,D,BBB,B,BB,BBB,A,AA,C,C,B
934,D,D,AA,C,D,AAA,A,A,BB,A
935,A,BB,BBB,BB,BBB,AAA,BBB,A,D,AAA
936,BBB,AAA,C,B,C,AA,A,AAA,BBB,C
937,BBB,BB,D,C,B,A,BB,C,BB,BBB
938,B,AAA,BB,AAA,C,A,B,BB,BBB,C
939,A,A,BBB,A,D,AAA,AAA,C,BB,BBB
940,AA,BB,BB,D,A,B,AA,BBB,B,AA
941,BBB,D,BBB,C,BB,B,B,D,A,AAA
942,A,BB,B,AA,C,D,B,AA,D,BB
943,AA,BB,B,BB,D,B,BB,B,BBB,A
944,BB,BBB,B,C,BB,BBB,AAA,B,AA,D
945,BBB,C,AA,D,D,AA,BB,A,AAA,AA
946,BBB,BB,A,BB,B,B,C,A,D,C
947,AA,A,D,AA,BB,BB,B,AAA,AA,C
948,B,AAA,AAA,B,AA,A,A,C,AA,BB
949,D,BB,B,C,AA,D,BB,C,AA,AA
950,BBB,AAA,B,AAA,AA,BB,AA,C,C,AAA
951,C,B,AA,B,A,C,AA,B,AAA,A
952,BBB,BB,AA,BBB,BBB,BBB,C,C,AAA,D
953,C,AAA,BB,A,BBB,AAA,D,C,C,AA
954,A,AA,C,BB,B,AA,D,BB,BB,B
955,C,B,D,AAA,C,BBB,AAA,BB,AA,AAA
956,C,BBB,BB,AAA,B,BB,BBB,BBB,D,B
957,C,D,BB,B,A,D,AA,D,BBB,B
958,C,AAA,AA,D,A,D,AA,C,B,AA
959,BB,AAA,BBB,A,D,D,AAA,D,BBB,BB
960,AAA,AAA,C,A,B,B,AAA,B,AAA,BBB
961,AA,BBB,AAA,A,C,B,A,D,B,AAA
962,BB,AAA,AA,BB,C,B,B,D,AAA,D
963,D,BB,B,D,D,BB,BB,C,AAA,AAA
964,AA,BB,AAA,D,BBB,AA,BBB,D,AAA,C
965,D,C,D,BB,BB,AA,AAA,BBB,BB,AAA
966,B,A,A,D,AAA,BBB,AAA,B,AAA,D
967,A,AAA,D,BB,C,A,AAA,D,BB,BB
968,AA,BB,BBB,AA,BBB,A,A,AA,A,BBB
969,AA,BBB,A,B,C,C,AA,BB,C,AAA
970,B,D,AAA,AAA,B,D,C,A,BB,B
971,BBB,AAA,A,AAA,C,AA,AAA,BBB,D,B
972,AA,C,AA,AA,AA,D,B,C,BBB,B
973,BB,AAA,C,AAA,BB,BBB,D,A,A,BBB
974,D,BBB,C,A,BB,A,C,BBB,C,BB
975,AA,BB,AA,BB,B,AA,B,C,A,D
976,D,BBB,AA,BBB,BB,D,AA,BBB,BB,BB
977,A,BBB,D,AA,D,AA,BBB,BBB,A,C
978,D,BBB,AA,C,C,BB,BB,BBB,A,B
979,D,AAA,A,A,C,BB,AA,AAA,D,C
980,A,BBB,D,BBB,C,A,BB,C,BB,D
981,A,BB,C,BB,D,AA,BBB,B,C,BB
982,BB,BB,A,B,C,BB,BB,A,C,AA
983,B,BBB,BB,A,B,AAA,BB,A,A,BBB
984,BB,A,AAA,B,B,BB,C,AA,BBB,A
985,D,AA,AA,B,BBB,B,C,BB,D,AAA
986,AA,BBB,D,AA,B,B,C,AA,AA,C
987,BBB,B,B,AAA,BB,A,BBB,C,AA,BBB
988,BBB,B,BB,BBB,BB,AAA,BB,D,AA,B
989,BB,AA,D,BB,B,BBB,BB,AAA,BB,C
990,B,BBB,AAA,AA,BB,AAA,BBB,C,B,D
991,C,AA,A,AA,AA,B,BB,BBB,BBB,D
992,B,BB,AAA,D,C,A,D,A,D,BB
993,BBB,BBB,A,AAA,AAA,C,AAA,D,D,B
994,AA,AAA,AAA,A,BB,B,BB,D,D,D
995,BB,B,A,BBB,D,AAA,A,C,AA,C
996,A,B,AAA,C,C,AAA,D,AA,BB,D
997,A,BB,BBB,C,BB,B,AAA,C,BBB,B
998,C,B,AAA,B,AAA,A,BB,A,BBB,BBB
999,A,AAA,C,BBB,AAA,AAA,AA,C,AA,AAA
1000,AA,D,BBB,B,BB,D,A,A,B,C
1001,A,C,A,B,BB,D,D,D,BB,B
1002,BB,BB,C,AAA,C,C,C,C,BB,BBB
1003,A,A,AA,BB,C,AA,AA,BBB,C,BBB
1004,BBB,C,BB,B,BB,BB,D,C,A,C
1005,A,BB,D,B,A,A,BB,A,BB,B
1006,A,AAA,BB,BB,C,D,B,BB,D,D
1007,D,AA,AA,B,AA,D,C,C,AA,C
1008,BBB,BBB,B,BB,B,AA,BBB,C,BB,D
1009,AA,BB,AA,BB,BBB,B,BBB,C,AA,A
1010,BBB,B,AAA,BBB,A,D,AA,B,C,BB
1011,D,D,BB,C,C,BBB,AAA,D,A,C
1012,B,C,D,BBB,BB,D,BBB,D,AAA,B
1013,AA,B,AA,C,AAA,BBB,AA,BBB,AA,AAA
1014,AA,A,AA,C,BBB,C,D,C,C,B
1015,BB,C,BB,BB,B,D,A,A,C,D
1016,AAA,A,A,BBB,D,D,D,AA,BB,D
1017,AA,AA,A,C,AAA,AAA,A,AAA,AA,AAA
1018,D,AAA,BB,BB,C,AA,D,BB,C,D
1019,D,AA,C,D,A,D,AA,BBB,AA,AA
1020,A,AAA,C,B,AA,BB,A,A,A,AA
1021,AAA,D,AA,AAA,A,AA,D,C,C,C
1022,B,AA,B,C,BB,AAA,D,A,BBB,B
1023,AAA,C,BBB,AAA,AAA,C,A,AAA,B,B
1024,A,AA,D,B,C,AAA,D,C,B,D
1025,BBB,AA,D,BBB,AA,B,AAA,D,C,BBB
1026,AA,A,AA,AAA,C,BBB,AAA,A,C,D
1027,AAA,A,A,AA,AA,A,BBB,D,D,D
1028,C,C,AAA,BBB,A,D,C,BBB,BBB,BBB
1029,BBB,B,B,AAA,C,A,A,B,A,B
1030,BB,C,AAA,BBB,AA,B,B,BB,D,BB
1031,B,B,D,AAA,AAA,BB,C,C,C,BB
1032,B,C,AAA,BBB,A,A,AA,A,C,AAA
1033,AA,B,AA,A,AAA,C,AAA,D,BBB,A
1034,AA,AAA,BBB,C,BBB,AA,B,B,AA,C
1035,C,BBB,A,BBB,A,C,A,BBB,C,BBB
1036,B,C,BB,B,AAA,AAA,AA,B,D,BB
1037,D,B,D,AA,AA,BBB,C,BB,A,A
1038,A,B,AA,BBB,B,AAA,B,BB,BB,AA
1039,BB,BBB,BB,AAA,BBB,AAA,AAA,AA,AA,BB
1040,D,AA,BB,B,AA,AAA,D,BBB,BB,B
1041,BB,BBB,D,BB,BBB,C,B,B,AAA,A
1042,B,C,AAA,B,AA,A,AAA,AAA,AA,AA
1043,A,AA,AAA,B,AA,D,AAA,D,A,B
1044,AA,A,AAA,BB,AAA,A,D,D,AA,D
1045,BBB,D,BB,AAA,B,B,AA,BB,C,BBB
1046,B,BB,B,BB,AAA,C,D,A,C,D
1047,BB,D,D,BBB,BBB,A,AA,AA,AA,AAA
1048,BBB,D,BBB,D,AA,C,AAA,AAA,A,AA
1049,D,BBB,B,B,AAA,AA,B,BBB,BB,C
1050,B,C,A,D,AAA,C,D,BBB,AA,C
1051,AAA,B,B,B,BBB,AAA,C,BB,AAA,BBB
1052,D,AAA,D,BB,AA,AAA,BB,D,AA,A
1053,AAA,D,B,AA,B,D,BBB,BB,B,C
1054,BBB,AAA,B,AA,A,A,BBB,BBB,C,B
1055,D,BBB,AA,A,BBB,AA,AA,D,A,BB
1056,BB,C,D,AA,AAA,BBB,AA,BB,AA,BB
1057,C,C,BBB,A,C,BBB,AA,B,BB,BB
1058,D,AAA,AAA,AA,AAA,A,A,A,D,BBB
1059,B,AA,C,B,BBB,C,BB,B,BBB,BB
1060,A,AA,BB,AA,B,AA,C,AA,BBB,B
1061,BBB,B,A,B,AA,A,AA,AA,AAA,D
1062,AA,AAA,BBB,BB,B,B,A,BB,BBB,C
1063,AAA,AAA,A,AAA,BB,AAA,B,AAA,AAA,AA
1064,C,AA,AA,AA,BBB,AAA,B,BBB,AA,A
1065,AA,D,D,C,BB,A,A,BB,C,BBB
1066,D,AA,D,A,C,C,BB,BB,AA,D
1067,BBB,D,C,A,BBB,C,C,A,BBB,AAA
1068,AAA,BB,C,BB,BB,AA,C,C,AA,BBB
1069,D,BBB,A,C,C,B,AAA,C,AA,BB
1070,AA,B,AAA,BBB,D,A,AA,C,AAA,BB
1071,AA,B,AAA,AA,AA,AA,BB,AA,AA,B
1072,AA,BBB,AA,D,A,B,D,C,AAA,AA
1073,A,AAA,C,BBB,B,BB,D,BB,C,C
1074,A,AA,D,A,AA,BB,AA,A,A,A
1075,B,D,D,B,B,BBB,A,AA,B,BBB
1076,A,AAA,D,AA,AAA,BBB,BB,AA,AAA,AAA
1077,BB,A,D,C,AA,C,AA,BB,C,AAA
1078,A,C,AA,D,C,AAA,BBB,BBB,BB,B
1079,BBB,AA,BB,A,AA,C,C,BBB,D,D
1080,C,BBB,BB,B,B,BBB,D,A,A,C
1081,BBB,A,BB,D,BBB,BBB,B,B,BB,BB
1082,AAA,BB,C,AAA,AAA,A,B,BB,C,AAA
1083,D,B,AA,C,AAA,AAA,A,BB,C,BBB
1084,BB,BBB,AA,C,BBB,D,B,A,BB,AA
1085,C,AAA,BBB,D,AA,A,BBB,C,C,B
1086,AAA,AAA,A,B,A,D,B,AAA,C,AA
1087,AA,AA,AAA,C,BB,BBB,A,AAA,BB,BBB
1088,AA,D,AA,BBB,B,BB,A,AA,AAA,D
1089,BB,BB,BBB,D,AA,A,D,C,AAA,AA
1090,BB,D,B,B,B,BBB,D,AA,BB,A
1091,C,B,D,D,AA,D,B,BB,D,C
1092,C,AA,AAA,D,BB,A,AA,D,D,AA
1093,BBB,A,C,BBB,C,D,C,B,D,BB
1094,BB,D,B,C,BB,BB,C,BB,AA,BBB
1095,B,B,D,AAA,BBB,A,BB,B,AAA,AA
1096,C,AA,C,B,AA,AA,BB,D,AAA,BBB
1097,B,BB,D,C,B,B,B,C,B,AA
1098,C,B,AA,BBB,C,BB,C,D,BBB,BB
1099,B,B,C,D,A,AAA,AAA,A,C,BB
1100,AAA,AA,AA,C,D,A,AAA,AA,A,BBB
1101,B,B,AAA,D,BB,A,B,AAA,D,AA
1102,B,BB,B,C,AAA,A,AAA,B,BB,C
1103,D,BBB,A,BBB,D,BB,C,AAA,D,AAA
1104,BBB,A,C,C,D,A,BB,AA,D,C
1105,C,D,BBB,C,C,AAA,AAA,C,A,AAA
1106,AAA,B,AAA,A,AA,D,B,AA,A,B
1107,D,BBB,A,A,A,BBB,BBB,A,BB,AA
1108,AA,C,AA,AA,AAA,AA,AA,C,A,B
1109,BBB,BBB,A,A,A,A,D,BB,B,AAA
1110,B,BBB,BBB,D,BB,AA,BBB,BB,BBB,A
1111,AA,AAA,AA,B,AAA,AAA,C,BB,AA,A
1112,C,C,BB,C,C,C,D,BBB,C,BB
1113,A,B,BBB,D,A,C,C,BB,D,C
1114,D,D,B,BBB,A,D,A,A,AAA,BBB
1115,BB,BB,B,A,AAA,BB,BBB,D,B,BB
1116,A,A,D,AA,A,BB,A,AA,C,BBB
1117,B,C,C,AA,A,A,AAA,AA,A,BBB
1118,C,A,C,BB,A,A,BB,BBB,BB,D
1119,A,BBB,B,AAA,C,C,BB,B,BBB,BBB
1120,A,BB,BB,B,C,BBB,AAA,AAA,D,A
1121,B,A,D,C,AAA,B,AA,AA,D,B
1122,A,A,A,BB,D,D,C,AA,BB,BBB
1123,BB,BBB,B,B,BB,BBB,AA,AA,D,BB
1124,D,AA,BBB,C,AAA,B,A,C,AA,AA
1125,C,AAA,B,D,BB,D,BB,AA,BB,B
1126,C,BBB,AA,D,B,D,C,C,C,A
1127,AA,B,A,C,C,B,BB,BB,A,BBB
1128,BB,D,AA,B,D,A,B,BBB,D,AAA
1129,AAA,BB,C,AA,AA,C,AA,AAA,D,B
1130,A,BB,AA,AA,C,B,BBB,A,B,D
1131,B,B,D,AA,C,B,AAA,D,BB,BBB
1132,BBB,AA,BBB,D,AAA,BBB,A,B,BBB,AA
1133,A,AAA,D,B,BB,AAA,BBB,AA,AAA,AA
1134,BB,AA,BB,B,AAA,BB,D,AA,A,BB
1135,C,B,BBB,AA,BB,AA,B,B,A,C
1136,D,A,D,D,AAA,BB,D,AAA,AAA,B
1137,AA,AA,A,C,C,C,AA,A,AA,BB
1138,D,A,AA,D,B,AA,AA,AAA,A,D
1139,BB,BB,AA,BB,D,C,A,B,BBB,BBB
1140,BB,BB,AA,AAA,D,C,B,BB,D,A
1141,D,A,D,AAA,B,BB,D,A,BBB,B
1142,B,AA,AA,BB,AAA,BBB,BB,BB,AAA,BBB
1143,A,BB,BB,BB,AA,C,A,AA,AA,B
1144,C,BBB,BB,C,BBB,A,AAA,A,D,BB
1145,BB,C,BBB,BBB,BBB,AAA,BBB,BBB,A,A
1146,AA,C,D,BB,BB,D,AA,BB,AA,B
1147,BB,AAA,BBB,BB,BBB,D,BBB,A,A,BBB
1148,A,A,B,BB,BB,AA,BBB,AAA,AAA,D
1149,C,BB,AA,BB,C,BB,AA,BB,A,B
1150,AAA,C,B,BBB,B,B,D,A,BB,C
1151,AAA,BBB,BB,B,AAA,AA,BB,C,B,B
1152,BBB,BBB,D,B,BBB,D,AAA,A,BBB,A
1153,D,B,AAA,AAA,AA,D,C,AAA,AAA,AA
1154,B,AA,BB,A,D,BBB,A,BBB,B,D
1155,AAA,AAA,C,BBB,C,C,BB,D,BBB,AA
1156,AA,A,A,AAA,B,C,BBB,A,BBB,BBB
1157,AA,D,B,C,BB,A,C,D,BB,C
1158,D,D,A,AAA,A,BBB,C,C,A,AAA
1159,B,B,C,A,B,BB,AA,B,B,D
1160,AA,B,BB,BBB,C,BBB,BB,BBB,B,AA
1161,A,D,B,C,C,AA,AA,B,C,BB
1162,B,BBB,C,B,BB,AAA,BB,BB,C,BBB
1163,D,B,BBB,C,A,B,BB,B,BBB,B
1164,BB,A,C,D,BB,C,D,B,B,A
1165,D,AA,B,AA,D,C,B,AAA,AA,BB
1166,AA,AA,B,BB,BBB,B,A,C,B,B
1167,A,AA,B,C,D,B,A,C,BB,BBB
1168,B,B,B,BB,A,C,A,AAA,AAA,AA
1169,BBB,D,AAA,AA,C,B,BB,BBB,B,AA
1170,AA,C,D,D,AA,B,BB,B,B,AAA
1171,BB,A,BB,B,BB,C,BBB,BBB,A,B
1172,A,B,B,AA,BB,BB,C,C,D,BBB
1173,BB,B,A,B,D,A,AA,C,AA,BBB
1174,C,C,BB,C,B,AA,BBB,C,C,AA
1175,BB,C,BB,C,BB,AAA,D,AA,A,BBB
1176,AA,A,BB,BB,AAA,D,C,AA,B,A
1177,AA,A,BB,D,AA,C,BB,AAA,BB,C
1178,AA,BBB,A,AAA,D,C,AAA,AA,BBB,BBB
1179,D,BBB,AAA,BBB,BBB,AAA,B,AA,AA,BBB
1180,A,BBB,D,BBB,B,D,AA,A,D,BB
1181,AA,B,AA,AAA,A,B,AA,AAA,AA,AA
1182,AAA,BB,D,C,BBB,A,BBB,C,AAA,D
1183,AAA,BBB,AA,C,A,AA,AAA,D,D,C
1184,BBB,AAA,A,C,C,B,AA,C,AAA,BB
1185,D,D,A,BB,B,AAA,D,C,D,BBB
1186,AA,AA,BB,A,BBB,B,AA,BBB,D,A
1187,B,B,AA,D,A,BBB,D,B,B,AAA
1188,BB,AAA,D,AAA,D,BBB,BBB,AA,C,AA
1189,C,BB,B,AAA,AAA,AAA,BB,BBB,B,C
1190,BB,BBB,BBB,AA,AAA,B,BBB,B,AAA,AAA
1191,D,BB,BB,BB,D,AA,B,C,B,C
1192,A,BBB,BBB,AAA,D,C,A,AA,D,BB
1193,BB,D,C,D,B,BB,BB,B,AA,C
1194,AA,AAA,A,A,BB,C,BB,AAA,BB,AA
1195,BB,C,D,B,BBB,A,D,A,BBB,C
1196,AA,BBB,D,C,BB,A,BBB,B,B,B
1197,D,BB,BB,C,BBB,A,D,AAA,BB,AA
1198,A,C,AA,B,B,A,BB,BB,D,AA
1199,AAA,AAA,BB,AAA,AAA,B,D,AA,D,AA
1200,C,D,AAA,BB,C,A,BB,D,B,C
1201,BB,BBB,BB,AAA,B,AA,B,D,AA,D
1202,BB,AAA,A,AA,AA,D,A,C,C,BBB
1203,AAA,BB,AAA,D,AAA,B,C,AA,AA,AAA
1204,C,AA,AAA,C,C,AA,BB,BBB,AAA,BB
1205,BB,A,C,BBB,B,A,AAA,A,D,BB
1206,AAA,D,D,BBB,C,D,BB,D,AA,BB
1207,C,AA,B,AA,BBB,C,B,A,BBB,C
1208,B,C,BBB,C,AAA,BB,AAA,C,AA,B
1209,BBB,D,D,D,AAA,B,BBB,B,BB,AA
1210,D,B,D,BB,AA,AA,D,A,BBB,BB
1211,BBB,A,BBB,D,B,A,BBB,AAA,AA,D
1212,AA,AA,AAA,BBB,BBB,BB,BB,BB,A,D
1213,D,BBB,BB,BB,D,B,AAA,B,AAA,A
1214,A,BB,D,BBB,D,BBB,AA,B,BBB,B
1215,BBB,B,BB,B,BBB,AAA,A,A,BBB,B
1216,D,A,C,A,AA,AAA,A,BBB,B,B
1217,BB,BB,A,AAA,D,AA,C,AA,BB,BBB
1218,B,D,C,AA,BBB,BBB,B,C,BB,BB
1219,AA,AA,D,BB,C,AA,BB,D,AAA,BBB
1220,AA,A,AAA,BB,AA,AAA,D,A,AAA,AA
1221,A,AAA,AAA,C,BBB,A,C,B,BB,D
1222,D,BB,AAA,BBB,C,AA,AA,AA,BBB,BB
1223,BBB,AA,A,A,AAA,AAA,BB,A,B,D
1224,BB,AA,BBB,D,BBB,B,AA,A,C,C
1225,A,C,C,A,BBB,BBB,AA,BBB,BBB,C
1226,D,BBB,D,BBB,A,BBB,AA,AA,C,AA
1227,B,D,D,BB,AA,AAA,D,AA,AAA,B
1228,AAA,BBB,BB,A,A,B,AAA,AA,D,AAA
1229,AAA,AAA,B,D,AA,B,A,BB,AA,BB
1230,B,B,BB,BBB,C,D,AAA,B,C,C
1231,C,D,C,B,BB,AAA,D,D,C,AAA
1232,BB,B,D,BBB,B,BB,BBB,B,AA,A
1233,BBB,AA,AAA,BBB,AAA,D,D,C,B,BBB
1234,A,D,B,C,AA,A,D,AAA,C,BB
1235,AAA,AAA,BBB,C,AAA,BB,AA,C,AA,B
1236,AAA,C,A,BB,AA,A,D,B,AAA,BBB
1237,A,AA,BB,C,AA,B,D,B,C,A
1238,AAA,D,AAA,BBB,BBB,B,B,AAA,C,BBB
1239,C,BB,AA,D,AA,BB,A,B,AAA,A
1240,BB,D,D,C,AA,B,C,D,BBB,B
1241,C,AAA,BBB,A,A,C,C,C,C,BBB
1242,BB,C,BB,BBB,AAA,C,BB,A,D,BB
1243,BBB,D,C,B,A,BB,C,A,AAA,BBB
1244,AAA,A,D,B,BB,AA,A,A,A,A
1245,AAA,D,AA,D,C,D,BB,A,BB,A
1246,B,A,A,D,B,C,B,BBB,BB,AAA
1247,BB,AAA,B,A,B,C,AA,AA,D,D
1248,AA,A,D,BB,BBB,BB,C,B,A,C
1249,D,C,BBB,AAA,B,AA,BBB,BB,BB,B
1250,AA,D,B,C,C,A,BB,AAA,AA,BBB
1251,D,AAA,C,D,BB,D,C,AA,C,D
1252,A,BB,AA,BBB,BB,A,AA,B,C,C
1253,C,D,C,D,BB,BBB,C,AAA,BBB,BBB
1254,B,A,D,AAA,AAA,BB,BB,B,A,A
1255,A,B,AAA,A,B,B,B,B,AAA,AAA
1256,D,A,D,B,BB,AA,AA,C,A,C
1257,AA,AA,B,AA,BBB,A,AAA,C,AA,D
1258,A,BBB,BBB,AA,C,BB,C,AAA,D,BBB
1259,C,B,D,BB,D,BB,BBB,BB,C,A
1260,D,AA,AA,A,BB,C,A,AAA,C,AAA
1261,BBB,BBB,B,D,D,D,BB,C,D,BB
1262,BB,BBB,D,BBB,AAA,AAA,A,AA,BBB,C
1263,AA,D,B,BB,D,C,AA,AA,BBB,C
1264,B,B,AA,BBB,AA,BBB,BBB,B,AAA,C
1265,BBB,BB,C,AA,B,C,AAA,B,D,A
1266,C,A,BBB,AAA,B,BBB,BB,BBB,B,A
1267,BB,AA,D,A,AA,A,A,BB,D,BBB
1268,A,B,BB,C,AAA,AA,A,AA,B,AAA
1269,D,BB,B,B,A,BB,AA,B,BB,A
1270,AAA,AA,AAA,BBB,AA,BBB,C,BB,D,A
1271,C,AA,B,D,B,D,B,C,B,D
1272,AA,C,A,D,C,D,AAA,BB,BBB,AAA
1273,BB,BB,A,BBB,BBB,BBB,D,BBB,BBB,B
1274,AA,A,C,BB,D,BBB,D,AA,B,C
1275,AAA,C,A,C,BBB,C,B,A,D,BB
1276,BBB,C,BBB,AA,B,B,AAA,AAA,C,AAA
1277,AA,BB,AA,D,B,AA,A,C,D,BB
1278,A,D,AA,AAA,BB,BB,AAA,B,C,A
1279,AAA,AA,D,AA,BBB,AAA,AAA,AAA,D,D
1280,C,BB,D,A,BBB,A,AA,C,B,B
1281,D,AAA,BB,AA,A,D,BBB,BBB,D,AA
1282,A,C,AAA,AAA,D,AAA,D,BBB,C,AAA
1283,AA,A,BBB,BBB,BBB,AAA,BB,BB,AAA,D
1284,BB,B,C,B,AAA,C,BB,D,B,C
1285,B,AAA,BB,AA,BBB,C,AAA,AA,AAA,BBB
1286,B,C,AA,C,C,BBB,AAA,BBB,AA,AAA
1287,D,BB,BB,D,AA,A,D,AA,A,BBB
1288,C,AA,C,D,C,BB,AAA,AAA,B,BB
1289,AA,AAA,AA,BBB,AA,AA,B,BB,AA,C
1290,AAA,BB,AAA,BBB,B,C,AAA,AA,AA,BBB
1291,BBB,C,D,BBB,AA,BBB,BBB,D,C,BB
1292,AA,B,A,BB,C,BBB,B,AAA,BBB,C
1293,C,D,AAA,D,A,D,A,BB,B,B
1294,BBB,BB,C,C,BBB,C,B,BB,A,BB
1295,BBB,D,C,D,BB,BB,BB,C,BBB,AA
1296,B,D,A,AAA,AAA,B,BBB,C,B,B
1297,BB,C,AA,BBB,BB,BBB,B,B,BB,D
1298,A,BB,B,AAA,C,B,C,C,AA,C
1299,D,B,AAA,BB,A,D,AA,BBB,BB,AAA
1300,AA,A,AA,D,AAA,B,A,A,AA,D
1301,BB,B,D,C,A,AAA,AA,BB,A,B
1302,AA,AAA,AAA,C,AA,BBB,A,AAA,B,BB
1303,D,D,D,A,D,D,AAA,BB,D,AA
1304,AAA,A,AAA,AA,AA,A,BBB,A,AA,BBB
1305,AAA,D,AAA,A,D,AAA,BBB,BB,AAA,B
1306,AAA,BB,A,AAA,AA,B,BBB,AAA,D,BB
1307,BB,BB,D,BB,AAA,BB,B,A,B,AAA
1308,AAA,C,A,B,B,BBB,AA,AA,D,BB
1309,BB,D,B,C,BBB,AA,B,D,BBB,B
1310,BBB,A,BB,BBB,AAA,D,A,C,D,C
1311,AA,C,D,BBB,AAA,B,BBB,AA,BB,A
1312,C,A,A,BBB,A,A,BBB,BBB,AA,C
1313,C,AAA,BBB,AA,BBB,C,D,AAA,BBB,C
1314,C,BB,B,AA,BB,AA,AAA,B,D,C
1315,AA,C,BB,AA,AA,AA,A,AAA,AAA,AA
1316,BBB,BBB,AA,BB,B,BBB,B,C,BBB,BBB
1317,B,AA,D,BBB,AAA,AA,BBB,D,AAA,C
1318,BB,BBB,C,C,C,AAA,BB,BB,AAA,D
1319,AA,A,BBB,BBB,B,A,D,AAA,D,BB
1320,B,A,A,AA,BB,BBB,A,A,BB,A
1321,AA,AAA,AAA,A,B,B,AAA,C,B,BBB
1322,A,BBB,C,BB,AA,BBB,BB,D,BBB,AAA
1323,A,C,BB,B,BB,D,B,BB,C,D
1324,A,BBB,AAA,D,BB,C,BB,AAA,AA,A
1325,BB,D,C,AA,B,C,AA,C,C,AA
1326,AAA,BB,AA,AA,AAA,BB,AAA,AAA,BBB,AAA
1327,C,BBB,B,A,AA,AA,BB,AA,AAA,D
1328,AAA,AAA,B,BB,C,BBB,AAA,BB,A,AAA
1329,BB,C,B,C,C,BB,BBB,AA,BB,D
1330,AAA,BB,B,AAA,AAA,A,A,A,BB,B
1331,AA,A,BBB,B,BB,C,D,C,AAA,B
1332,A,D,C,AA,B,A,BB,AAA,AA,A
1333,A,A,AAA,BB,C,B,AAA,BBB,AA,BB
1334,C,D,AAA,AA,AAA,BBB,B,B,A,AA
1335,BBB,AAA,AA,AAA,AAA,D,B,B,AAA,C
1336,BB,A,BB,C,A,AAA,AAA,AAA,BBB,A
1337,AA,C,D,B,A,A,BB,C,BB,C
1338,AA,B,BBB,C,A,AAA,A,AAA,BBB,A
1339,B,D,D,B,AAA,BBB,C,AA,D,C
1340,AA,A,BBB,D,C,B,BB,A,A,BBB
1341,AA,AA,A,AAA,BB,B,AA,B,BBB,BB
1342,AAA,C,A,C,AAA,BB,A,BBB,AAA,BBB
1343,A,BB,BBB,B,BBB,AAA,AAA,BBB,BBB,A
1344,B,BB,D,AA,B,A,AA,BBB,BBB,C
1345,C,A,A,C,C,D,B,C,BB,AA
1346,BB,AA,AA,AA,AAA,BBB,BBB,BBB,A,C
1347,BB,C,BBB,AA,AA,AAA,BBB,BBB,AAA,C
1348,A,AAA,B,B,D,C,AAA,B,AA,AAA
1349,AA,B,AAA,D,B,C,B,D,D,B
1350,B,BBB,D,B,D,B,B,D,D,BBB
1351,AA,BB,BB,BB,B,AA,D,BBB,C,A
1352,AA,BBB,AA,AAA,BBB,AAA,AA,AAA,AA,AA
1353,A,B,AAA,BBB,BBB,C,BBB,D,AAA,BBB
1354,AA,A,BB,AA,AAA,B,A,D,C,A
1355,AA,B,B,D,AAA,D,AA,D,BB,A
1356,AAA,AA,BBB,BB,C,D,AA,B,BB,A
1357,D,AAA,AAA,BBB,AA,BB,BB,BBB,B,BBB
1358,BB,D,B,C,B,B,A,BB,AA,D
1359,BB,B,AA,AA,AA,AA,AAA,BBB,B,BB
1360,D,D,AA,A,C,BBB,A,A,C,D
1361,AA,C,D,AA,BB,BB,AAA,C,C,AAA
1362,BB,BBB,BB,AAA,A,C,BB,BB,AAA,D
1363,D,AA,AAA,D,D,AAA,B,A,BBB,A
1364,C,D,C,D,BBB,BB,B,BBB,AA,AAA
1365,BB,A,B,C,A,B,A,AA,AA,AA
1366,BBB,C,C,C,AAA,A,A,D,BB,B
1367,AAA,BB,AAA,C,AAA,BB,AAA,A,AAA,AAA
1368,A,BBB,D,BBB,BBB,AA,BBB,A,BBB,C
1369,A,AA,BBB,BB,AA,AA,AAA,C,AA,D
1370,A,BB,D,B,AAA,D,C,AA,BBB,A
1371,AA,C,D,B,B,C,BB,AAA,BBB,AAA
1372,D,BBB,B,D,A,D,AA,BBB,BB,AAA
1373,AAA,D,BB,AA,AA,C,A,BB,BB,B
1374,AAA,C,D,C,A,AA,C,AAA,AA,B
1375,AAA,C,AA,AA,AA,B,A,BB,AA,BBB
1376,C,C,AA,B,AA,AAA,BBB,AA,C,A
1377,C,C,A,AAA,C,D,BB,AAA,B,C
1378,D,B,AAA,D,BBB,D,D,BB,D,AA
1379,BBB,AAA,AA,AA,AA,B,BBB,C,B,AAA
1380,B,C,A,A,AAA,AA,BBB,AAA,D,B
1381,AAA,BB,AA,BB,BBB,AAA,AA,C,AAA,BBB
1382,D,D,A,BBB,C,A,AA,AA,BB,AA
1383,B,AA,BB,D,AAA,A,B,AAA,A,A
1384,BBB,BB,AAA,AA,D,A,C,A,A,C
1385,A,A,BBB,AA,D,AAA,AAA,C,B,AA
1386,B,B,AAA,AAA,AA,AA,C,AAA,BB,B
1387,BBB,C,C,C,B,BB,BB,C,A,AA
1388,B,AA,C,A,BB,C,BBB,BBB,A,BBB
1389,D,A,AAA,AA,BBB,A,C,AA,BBB,B
1390,D,BBB,BB,C,BB,AA,A,A,A,BBB
1391,A,AAA,AA,C,AA,BB,AA,A,AAA,BBB
1392,AAA,BB,AAA,B,A,BB,D,C,A,D
1393,BB,D,D,AAA,A,D,B,B,A,D
1394,D,BB,D,AAA,B,BB,A,B,AA,C
1395,AA,BB,BBB,C,AAA,BBB,AA,BBB,AA,AA
1396,A,A,AAA,BB,D,AAA,AAA,BBB,AA,AAA
1397,D,AAA,C,A,B,B,B,BBB,BBB,B
1398,AAA,AA,AAA,B,C,BB,BBB,AAA,B,B
1399,D,AAA,C,C,D,AA,AAA,BB,BBB,AA
1400,B,BB,A,BBB,AA,A,BBB,BBB,AAA,B
1401,AAA,AA,BB,BB,D,B,AA,B,BB,AA
1402,A,BB,C,D,C,C,B,BBB,AA,AA
1403,C,D,A,D,BBB,BB,D,AAA,AAA,B
1404,A,BBB,D,A,D,C,B,B,B,BBB
1405,BB,B,A,B,BBB,AA,A,AA,B,BBB
1406,A,B,AAA,C,C,D,B,AA,C,BB
1407,AA,BBB,BBB,C,A,BB,B,B,AA,B
1408,AAA,C,B,BB,BB,BB,BB,AAA,AA,AA
1409,D,AA,D,C,C,B,AA,C,AAA,D
1410,C,A,AA,B,AAA,BB,C,BBB,A,B
1411,AA,D,A,D,AAA,C,D,A,A,A
1412,BB,C,D,A,B,BB,AAA,BB,A,B
1413,C,AAA,BB,BBB,BB,AAA,D,AAA,AA,A
1414,BB,A,D,C,D,BB,B,A,B,D
1415,BBB,BB,A,B,A,AA,C,BB,AA,B
1416,B,A,B,BBB,D,AAA,AA,BBB,AAA,AAA
1417,AAA,A,B,BB,A,BB,D,C,B,BBB
1418,D,AAA,AA,D,B,BB,A,BB,C,BB
1419,D,A,AAA,AA,AA,BB,AAA,A,BBB,B
1420,AAA,BB,BB,B,D,BBB,AA,C,BBB,BB
1421,AAA,BBB,A,B,BB,B,AA,D,BB,BBB
1422,B,B,AAA,AA,BB,BB,C,AAA,B,BB
1423,AA,BBB,A,BBB,AA,A,BBB,A,D,AAA
1424,B,BB,BBB,D,AA,BB,A,C,A,D
1425,B,BBB,AAA,A,BB,C,BBB,D,BB,C
1426,B,D,AA,C,BB,A,D,BB,AAA,BB
1427,BBB,A,D,D,BBB,A,AA,AAA,BB,AAA
1428,C,BBB,C,AAA,B,BBB,BBB,D,D,AAA
1429,BBB,C,BBB,D,A,A,AAA,BB,AA,BBB
1430,B,AA,B,BBB,B,D,BB,A,B,AA
1431,BB,B,AAA,D,BBB,A,BBB,AAA,A,BB
1432,AAA,A,A,B,AA,C,AAA,B,BB,BBB
1433,BBB,A,A,BBB,AAA,D,B,B,A,AA
1434,B,AAA,C,D,A,AA,C,AA,AA,BBB
1435,AAA,AA,BBB,AAA,AAA,C,A,BB,C,C
1436,D,AAA,C,BB,C,AAA,C,D,D,C
1437,D,BB,AAA,BB,AA,BB,BBB,AAA,AA,BBB
1438,AA,AAA,BB,AA,D,BB,BB,D,BB,AAA
1439,B,D,A,BBB,AA,D,A,BBB,AAA,BB
1440,D,A,BB,AA,BBB,B,AA,C,BB,D
1441,AAA,A,AA,BB,A,D,A,D,B,A
1442,B,B,AAA,A,B,BB,BBB,BB,BBB,BB
1443,BB,D,AAA,A,BBB,AA,AA,BB,B,AA
1444,B,BB,BBB,B,D,B,A,C,AAA,D
1445,D,C,AA,BB,BBB,C,A,A,AAA,C
1446,AA,AAA,BBB,B,AAA,AA,B,BB,C,BBB
1447,AA,B,AAA,AA,BBB,BBB,B,AAA,A,A
1448,BBB,A,C,C,AA,AA,BB,C,A,AA
1449,AA,B,B,B,AA,BB,C,C,A,BB
1450,D,B,A,BBB,A,AA,AA,BBB,BBB,BB
1451,AAA,BBB,C,C,BB,BBB,C,C,AAA,A
1452,BB,A,BB,C,BBB,C,AAA,D,AAA,BB
1453,D,C,BB,AA,B,AA,A,A,AA,AAA
1454,AA,B,BBB,BB,D,AAA,AA,A,D,A
1455,B,A,B,C,B,D,A,AA,A,D
1456,B,D,AA,B,B,A,C,AAA,AAA,B
1457,B,A,D,AAA,B,A,A,BBB,AAA,C
1458,D,A,AAA,A,C,AA,C,A,B,D
1459,AA,BB,C,BB,D,B,AA,D,B,C
1460,AA,BB,A,C,AAA,B,BB,C,BBB,B
1461,AA,AAA,A,BB,A,D,BB,AA,AAA,C
1462,BB,BBB,C,BB,C,BB,D,B,AAA,A
1463,BB,AA,D,AA,C,C,A,BB,AA,B
1464,BB,D,AAA,B,A,D,B,A,C,AA
1465,C,BBB,AA,C,A,AAA,BBB,AAA,A,AAA
1466,AAA,D,A,A,AAA,AA,AAA,A,B,AAA
1467,B,BB,A,D,B,AAA,D,A,A,B
1468,C,BB,BB,D,A,BBB,AAA,BB,AA,C
1469,AAA,AA,D,D,AA,C,AAA,B,A,A
1470,B,AA,A,AAA,C,AAA,D,B,A,D
1471,A,BBB,C,BBB,B,BBB,AAA,AAA,AA,AA
1472,B,AA,BBB,C,BB,BBB,AAA,BB,BB,AAA
1473,D,AAA,AA,BBB,AA,AA,BB,C,C,BBB
1474,A,A,BB,B,A,A,AAA,BB,BBB,A
1475,C,BB,B,A,B,C,C,AAA,BBB,AA
1476,BBB,BB,BB,BBB,B,C,D,D,BB,A
1477,BB,BB,BB,AAA,BB,BB,C,C,AAA,AA
1478,B,C,AAA,C,C,D,AAA,AAA,BB,D
1479,C,C,B,AA,AAA,AAA,AAA,BBB,B,AA
1480,C,C,C,AA,BBB,BB,B,A,B,BB
1481,AAA,B,B,AA,A,AA,B,AA,AAA,C
1482,D,B,BBB,BB,A,AAA,AA,B,D,D
1483,AAA,A,BBB,AA,BBB,A,D,BBB,D,BBB
1484,C,BBB,B,B,D,B,C,D,B,BBB
1485,AAA,B,BB,AA,BBB,BBB,AAA,BBB,B,AAA
1486,BB,BBB,D,BB,AAA,A,C,D,A,BB
1487,A,AAA,C,B,BB,BBB,C,BBB,A,AA
1488,BB,B,BB,B,AA,A,AAA,AA,AAA,BB
1489,AAA,C,AA,AA,B,BB,BB,C,B,C
1490,AA,AAA,BB,B,AAA,B,C,D,BB,AA
1491,AAA,AAA,C,D,A,BB,BBB,C,AA,AA
1492,BB,BB,D,BB,A,D,AA,AA,A,BB
1493,AAA,A,BB,AA,BB,AAA,B,BBB,BBB,AAA
1494,AA,AAA,B,AA,B,BBB,BB,D,B,C
1495,C,BBB,AAA,C,B,A,A,C,B,D
1496,D,A,A,BB,C,AAA,AA,D,A,C
1497,D,BB,AA,BB,A,BB,B,D,BBB,AA
1498,C,BB,AA,AAA,C,BB,AAA,C,AA,C
1499,AA,B,A,AA,D,C,C,B,BBB,AAA
1500,D,BB,C,B,BB,C,AA,BBB,AAA,A
1501,AA,AAA,AA,D,B,BBB,AAA,C,C,A
1502,A,B,BBB,C,B,D,AAA,C,D,C
1503,AA,A,A,B,C,AAA,AAA,AAA,B,A
1504,BB,D,C,C,B,BBB,A,BBB,AAA,D
1505,AA,BB,C,A,B,BBB,BB,BB,B,BB
1506,A,BBB,A,C,BB,AA,BBB,B,AAA,AA
1507,AAA,B,BB,B,A,AAA,B,BBB,C,AA
1508,A,AA,AAA,D,AA,BBB,BBB,B,C,C
1509,A,BB,B,A,A,BB,D,A,BB,C
1510,C,BB,BB,AAA,C,D,BB,AAA,BBB,A
1511,A,AAA,C,B,C,BBB,BBB,C,C,AA
1512,C,BB,AA,AA,B,AAA,B,C,A,BBB
1513,AAA,B,D,AAA,AA,AAA,BB,D,D,AA
1514,AAA,A,C,C,B,B,BB,AAA,C,AA
1515,AA,BBB,C,D,C,D,B,AA,AA,AAA
1516,BBB,A,A,A,B,B,AAA,BB,AA,A
1517,BBB,B,C,C,C,BBB,D,D,D,AA
1518,A,D,AA,D,BB,A,AA,A,B,B
1519,AAA,D,A,B,AAA,B,D,AA,AA,BBB
1520,D,B,C,C,BB,BB,AAA,D,D,D
1521,D,B,BB,B,D,D,C,B,C,B
1522,B,D,B,BBB,BB,D,C,C,AA,AAA
1523,BB,B,AAA,C,BB,C,B,D,A,BBB
1524,BBB,C,BBB,BBB,BB,BBB,BBB,A,AAA,BBB
1525,D,BBB,A,A,BB,A,C,AA,BBB,AA
1526,A,A,BB,A,B,BBB,C,BB,AA,C
1527,B,A,AA,A,AA,BB,D,A,AAA,A
1528,B,BB,AA,AA,BB,BB,D,A,C,C
1529,AAA,C,BBB,AAA,B,BB,A,AA,BBB,B
1530,BB,BB,A,BBB,BB,AAA,AA,C,C,D
1531,C,AA,BBB,C,BB,A,C,BBB,AAA,B
1532,AAA,BB,BBB,B,AA,BBB,C,BBB,C,AAA
1533,AAA,B,AAA,BBB,C,D,BB,D,BBB,BB
1534,C,BBB,A,D,BBB,AA,BBB,AA,A,C
1535,A,AAA,B,D,AA,AAA,B,BB,AAA,BBB
1536,BBB,BBB,B,BB,BBB,BB,A,A,C,AA
1537,B,D,B,AA,BB,B,C,B,BB,C
1538,D,B,A,D,C,BB,AAA,BB,AAA,D
1539,AAA,AAA,BBB,A,A,C,AA,AAA,BB,BB
1540,AA,A,D,D,AAA,AAA,AAA,C,D,A
1541,BB,AAA,C,AA,BB,D,D,AAA,BB,AA
1542,A,BB,D,BBB,A,AAA,D,A,BBB,BBB
1543,C,A,B,B,AAA,B,AA,AA,B,B
1544,A,A,BBB,BBB,C,AAA,D,AA,BB,A
1545,BB,C,BBB,BBB,A,AA,BB,BB,A,B
1546,BBB,AAA,AAA,C,AAA,AA,BBB,D,AA,D
1547,D,BBB,B,A,A,A,AA,AA,BB,A
1548,B,BBB,AAA,D,D,AA,B,AAA,A,BBB
1549,B,A,A,BBB,B,D,C,BBB,A,A
1550,C,D,BBB,BB,AA,AAA,AA,D,BBB,BB
1551,BBB,A,D,C,D,AA,D,AA,B,BB
1552,C,D,AA,BB,D,AA,D,A,B,C
1553,AA,C,BBB,AAA,C,BBB,A,AAA,D,AAA
1554,B,BB,C,B,A,B,A,AA,C,AA
1555,C,BB,BBB,A,A,BBB,C,BBB,BBB,D
1556,BB,B,A,A,D,AAA,C,AAA,A,BBB
1557,A,BBB,C,C,A,C,BBB,A,BBB,BBB
1558,BBB,AAA,AA,B,BBB,BB,D,BBB,BBB,D
1559,D,BBB,A,BB,A,BBB,BB,D,AAA,BB
1560,AAA,C,BBB,BBB,C,AA,AAA,BB,C,BB
1561,AA,BB,AA,AA,C,A,A,BBB,C,AA
1562,D,BB,AAA,BBB,AAA,BBB,AA,AA,AAA,BB
1563,BB,BB,B,D,D,BBB,AA,B,BBB,D
1564,AAA,C,A,D,AA,BB,D,B,AA,C
1565,AAA,AA,C,AAA,AAA,AA,A,AA,D,AA
1566,D,AA,C,C,AA,B,A,BBB,BB,BB
1567,A,BB,BB,AA,A,BBB,A,AAA,A,B
1568,AA,A,A,BBB,C,AAA,C,AAA,BB,C
1569,BB,D,B,BB,A,C,D,A,D,D
1570,AAA,AAA,BB,BB,C,B,A,A,BB,AAA
1571,BBB,A,AA,BBB,B,B,C,BB,B,A
1572,D,A,AA,AAA,AAA,BBB,AAA,AAA,BB,A
1573,AAA,A,BB,BBB,BB,A,BBB,AA,D,BBB
1574,A,A,D,BBB,D,B,A,C,C,BBB
1575,A,AA,BB,C,A,B,B,BB,D,D
1576,AA,AAA,C,AAA,B,D,D,BBB,AAA,AA
1577,C,C,BBB,AAA,B,BBB,AA,BBB,BB,A
1578,BBB,AA,D,AA,B,BBB,D,A,A,BB
1579,AA,BB,B,AAA,A,D,BB,B,C,BBB
1580,A,BBB,A,AAA,B,BB,BBB,D,BBB,AA
1581,BB,C,B,AA,BB,B,BB,AAA,AA,A
1582,D,BB,AAA,D,C,AAA,C,AA,A,AA
1583,AAA,AA,B,D,BB,AA,BBB,BB,D,D
1584,A,AA,C,D,AAA,BBB,BBB,BBB,C,BBB
1585,AA,BB,D,AAA,AA,AAA,BBB,AAA,BB,C
1586,BBB,A,A,BB,AA,B,D,A,B,BB
1587,D,AAA,B,BB,C,B,BBB,AAA,C,C
1588,BB,AAA,C,C,BB,A,BB,A,D,D
1589,D,B,AAA,AAA,BB,D,B,B,AAA,AA
1590,C,AAA,AA,C,D,C,C,AAA,BBB,BBB
1591,C,AA,B,B,C,BBB,AA,AA,A,A
1592,AA,AA,A,B,C,BBB,AAA,AA,D,B
1593,BBB,C,D,D,BB,BB,B,D,BB,C
1594,AAA,BBB,AA,AAA,AAA,A,D,D,AA,AA
1595,A,D,AAA,C,AA,C,BBB,BB,AAA,A
1596,AAA,BBB,D,B,AA,C,C,A,A,AAA
1597,AAA,AA,BB,AAA,D,BB,D,BB,C,AA
1598,C,AA,AAA,D,BBB,AAA,B,AA,AA,C
1599,D,A,AAA,AAA,BB,D,D,BB,C,AAA
1600,C,BBB,BB,AA,AA,C,BBB,BB,AAA,BB
1601,AA,BBB,AAA,AAA,B,BBB,C,AA,BB,AAA
1602,A,AA,BB,BB,B,D,A,D,AA,AA
1603,D,A,BB,A,B,BBB,A,B,AA,C
1604,AAA,BB,A,BBB,BBB,BB,C,AA,AA,AAA
1605,AA,BBB,AAA,C,BBB,C,B,A,B,D
1606,AA,AA,A,B,BBB,B,C,AAA,BB,A
1607,BBB,AAA,BBB,BB,AA,BB,AAA,D,D,AA
1608,BBB,AAA,C,BBB,AAA,B,C,A,C,B
1609,A,BB,AAA,B,B,BB,AAA,B,AAA,AAA
1610,BBB,A,AA,AAA,B,D,C,B,BBB,AA
1611,BB,B,D,A,BBB,BB,AAA,C,AAA,AA
1612,AA,A,C,B,D,C,AA,BBB,AAA,A
1613,C,C,C,B,A,C,D,B,AAA,D
1614,C,AAA,B,A,C,BB,D,AAA,C,B
1615,AA,B,AA,BB,BBB,A,AAA,BBB,D,AAA
1616,BBB,C,C,B,B,BB,AA,BB,A,AAA
1617,BB,D,B,BB,BBB,AAA,A,BBB,A,AAA
1618,B,B,A,C,A,BB,AAA,BBB,AAA,BB
1619,A,BBB,BBB,BB,D,A,BBB,BBB,C,BBB
1620,A,BBB,A,BB,BB,B,C,BB,C,BBB
1621,A,BB,A,B,BB,AA,AA,BB,AA,B
1622,D,BB,BB,AA,C,A,D,C,A,C
1623,AA,A,BBB,BB,AA,B,B,BBB,B,BB
1624,AAA,AA,AAA,BB,C,B,BBB,AAA,D,A
1625,BB,BB,B,A,BB,BBB,C,AA,AA,C
1626,AA,BBB,A,AA,AAA,BB,C,B,C,BBB
1627,A,A,AAA,AA,D,BB,C,BB,D,BB
1628,D,C,AAA,BB,D,BB,AAA,BBB,BBB,A
1629,AA,C,D,B,AAA,C,BBB,D,AA,D
1630,BBB,AAA,AAA,A,A,A,AAA,A,C,D
1631,A,BBB,A,BB,D,B,B,AAA,BB,B
1632,BBB,B,B,D,BB,BBB,D,AAA,BBB,A
1633,A,AAA,AA,AA,C,C,BBB,A,BBB,A
1634,D,C,C,AAA,AAA,D,B,B,AAA,BB
1635,BB,BBB,BB,BB,BBB,A,AA,AA,AAA,BB
1636,A,AA,AA,D,C,D,C,C,B,BB
1637,D,D,AAA,BB,BB,BB,AA,B,D,BBB
1638,D,D,BB,B,AA,BBB,AA,AAA,C,BBB
1639,AA,A,AA,BBB,D,D,B,C,C,A
1640,B,AAA,AA,B,C,BB,D,AAA,AA,BBB
1641,BBB,BBB,B,C,BB,BBB,C,A,B,C
1642,C,A,A,B,C,A,BB,AA,C,C
1643,AA,BB,BBB,C,BB,D,B,D,BBB,B
1644,BBB,BB,A,B,A,C,C,B,D,AA
1645,AA,B,AA,AAA,AAA,B,BB,D,BBB,AA
1646,BBB,AA,A,AA,D,B,BBB,AA,A,BBB
1647,B,D,AA,BBB,D,C,C,D,BB,AA
1648,B,BBB,BB,BB,A,BBB,A,BBB,C,BBB
1649,BBB,B,AAA,A,BB,AAA,C,AA,BB,BB
1650,B,BB,BBB,C,A,AA,A,B,BB,A
1651,BBB,A,D,BBB,D,BB,A,BBB,D,C
1652,AA,AA,BBB,A,C,BBB,B,AAA,BB,BB
1653,D,AAA,A,D,BB,D,C,AAA,AAA,BB
1654,D,A,AAA,A,C,D,C,AA,AA,A
1655,AA,A,BB,D,B,AAA,D,A,C,AAA
1656,A,AAA,BB,AAA,AA,A,BBB,D,AAA,BB
1657,A,AAA,C,B,A,C,C,AAA,AAA,AA
1658,BB,C,BBB,B,B,A,AAA,A,BBB,AA
1659,A,A,AA,BBB,D,BBB,C,BB,B,B
1660,D,AAA,D,B,D,B,BBB,D,BBB,D
1661,BBB,C,BB,AA,AAA,BBB,BBB,AA,AA,AA
1662,B,AAA,C,B,BBB,A,B,D,BB,BB
1663,C,BB,D,B,D,AA,BB,A,BB,AAA
1664,BB,D,BBB,AA,AA,C,D,D,AA,BB
1665,D,AAA,AA,AA,C,AAA,BBB,C,AA,BB
1666,D,BB,C,C,AAA,BB,C,B,BB,A
1667,BBB,AAA,AA,B,C,A,A,BBB,BB,AAA
1668,AAA,BBB,AAA,BB,BB,D,C,C,D,BB
1669,AA,BBB,B,AAA,BBB,AAA,AAA,BBB,C,AA
1670,A,BB,D,BB,AAA,C,B,AA,C,A
1671,BB,AA,BB,B,A,C,BB,D,BB,A
1672,C,BB,D,AAA,AA,B,C,B,BBB,C
1673,AAA,A,B,AAA,D,BBB,BBB,B,BB,AAA
1674,B,B,C,B,B,AA,BBB,AAA,C,AAA
1675,B,C,C,C,BB,BB,AA,C,B,AAA
1676,AA,B,AA,C,AA,BB,D,BB,D,AAA
1677,A,C,D,BB,BBB,AAA,A,AAA,A,D
1678,C,AAA,C,AAA,A,BB,BB,AAA,B,D
1679,AAA,BBB,BBB,C,BB,AA,D,AAA,AA,AAA
1680,AA,AA,AAA,AAA,AA,A,AA,C,B,A
1681,A,A,BBB,A,AAA,C,D,BB,AAA,A
1682,AAA,C,BB,AAA,B,BBB,B,BB,C,A
1683,AA,A,A,AA,BB,B,BB,B,AA,D
1684,BBB,C,A,AA,AA,AA,BBB,B,AAA,D
1685,AAA,AA,AA,AAA,AAA,A,BBB,AAA,AAA,A
1686,C,D,BBB,A,AAA,D,D,C,C,AA
1687,A,A,B,C,BBB,AAA,C,BB,A,B
1688,A,B,D,BB,AA,A,B,D,BBB,BB
1689,A,BB,C,B,BB,AA,BBB,BBB,A,B
1690,D,A,AAA,AA,BBB,B,B,A,BB,AAA
1691,C,B,BBB,BBB,AA,C,D,D,AA,A
1692,A,AAA,AAA,B,C,C,A,A,B,B
1693,AA,BBB,B,AAA,D,C,BBB,B,C,D
1694,C,B,C,BB,C,AAA,AAA,AAA,AA,A
1695,A,B,AA,A,B,BB,A,AA,AAA,AAA
1696,BBB,BB,BBB,D,BB,AA,A,C,A,BBB
1697,AAA,BBB,D,BB,BBB,B,A,AAA,C,C
1698,C,BBB,C,C,D,B,BBB,AA,B,D
1699,AA,BBB,BBB,AA,AA,AAA,D,C,A,C
1700,C,AAA,D,AAA,A,B,AA,A,A,BBB
1701,BBB,B,C,AAA,BB,AAA,BBB,AA,B,AAA
1702,BB,C,B,BBB,D,D,A,D,BBB,AAA
1703,B,BB,BB,B,D,BBB,B,AA,B,BBB
1704,C,B,AA,D,D,BB,C,C,BBB,BBB
1705,AA,BBB,C,AA,BBB,AAA,C,D,BBB,C
1706,B,C,C,A,BB,AAA,AA,D,C,BBB
1707,D,BB,BB,AAA,AA,B,BBB,AAA,A,C
1708,D,BB,C,BBB,BBB,D,D,BBB,C,AAA
1709,C,AAA,BBB,B,B,D,B,C,BB,B
1710,A,AA,BBB,B,B,B,C,AA,AAA,AA
1711,A,C,C,BB,D,B,A,D,B,D
1712,AA,C,BBB,AAA,C,BB,AA,A,AAA,AA
1713,AAA,AA,D,A,A,C,AAA,A,BBB,B
1714,AAA,B,C,AAA,AA,AAA,AA,A,A,D
1715,AAA,AAA,BBB,AA,A,AAA,AA,B,B,AAA
1716,BB,B,B,AAA,B,AAA,BBB,D,BBB,A
1717,C,BBB,B,BBB,AAA,D,BB,B,AAA,D
1718,AAA,C,C,A,AAA,AAA,BB,AAA,A,AA
1719,A,A,AA,B,A,C,BBB,AA,D,B
1720,BB,AA,AAA,B,AA,AAA,A,BB,BB,BBB
1721,C,B,BB,BBB,AA,B,A,B,C,C
1722,AAA,C,C,BB,BBB,AAA,BB,C,BBB,AA
1723,C,BB,BBB,B,B,C,BBB,D,B,B
1724,BB,BBB,D,AAA,BBB,A,BB,AA,BBB,AA
1725,AAA,BBB,D,A,C,BBB,A,D,BBB,C
1726,D,B,AA,AAA,C,BBB,B,D,C,AA
1727,AA,A,D,BBB,BBB,C,B,BBB,AAA,AAA
1728,AA,BB,BBB,C,B,C,AA,D,B,D
1729,BBB,A,AA,A,B,D,C,AAA,BB,BB
1730,AAA,D,AAA,BBB,AAA,BBB,BBB,AA,BBB,D
1731,AA,AA,BBB,D,A,AA,D,AA,A,C
1732,D,AA,D,AA,D,D,BBB,B,B,BBB
1733,BB,AAA,B,BBB,AAA,BB,C,C,AA,C
1734,AA,C,BB,BB,A,A,B,D,AA,A
1735,BBB,AAA,A,AAA,AAA,A,AAA,C,D,B
1736,B,AA,BBB,D,BBB,C,BBB,B,BB,C
1737,A,BB,D,BB,B,B,D,D,D,B
1738,D,D,C,BB,D,B,D,C,C,BBB
1739,A,D,AAA,BBB,AA,C,B,AAA,AA,D
1740,D,A,B,C,A,AAA,BB,AA,AAA,C
1741,C,B,AA,C,AAA,BBB,BB,D,BB,D
1742,C,AAA,BB,D,B,D,BB,C,C,B
1743,C,BB,B,D,BBB,B,AA,BBB,C,AAA
1744,A,C,A,AA,AA,AA,BB,B,C,C
1745,D,D,C,BB,BBB,B,BB,AA,BBB,A
1746,B,AAA,AAA,D,BBB,BBB,B,BB,BB,BBB
1747,AAA,AA,A,B,D,C,AA,B,BBB,AA
1748,D,BB,A,B,B,BBB,BBB,AAA,B,BB
1749,AA,AAA,AAA,AAA,B,BB,AAA,B,BB,AA
1750,A,B,BBB,A,AAA,BBB,BBB,BB,B,B
1751,D,B,AA,A,BBB,AA,AAA,AA,A,BB
1752,AA,A,A,AA,A,B,AA,BB,B,AAA
1753,B,D,C,C,BB,C,D,AAA,D,BB
1754,D,D,AA,C,D,BB,A,BB,B,C
1755,B,BBB,A,A,AA,C,A,A,AAA,BB
1756,A,B,A,AA,B,C,BB,BBB,A,A
1757,BB,BB,AAA,BB,A,C,C,BBB,BBB,AAA
1758,C,D,B,AAA,BB,A,AA,AAA,D,A
1759,AA,D,BB,C,AAA,B,D,BB,D,B
1760,C,BBB,AA,D,B,AAA,AA,A,BB,A
1761,AAA,AAA,AA,D,BBB,D,AAA,AAA,C,D
1762,D,BB,A,A,AA,A,BBB,BBB,AAA,D
1763,AAA,A,BBB,BBB,BB,BBB,AA,B,AA,AA
1764,AA,C,A,AAA,AA,A,B,B,B,BB
1765,D,D,B,AAA,D,C,C,BB,A,C
1766,A,C,A,D,B,AA,D,B,BB,AAA
1767,AA,D,BB,C,AA,AAA,AA,BB,A,D
1768,BB,D,B,B,BBB,AA,AAA,BBB,D,B
1769,A,BBB,D,BB,A,BBB,B,BBB,A,B
1770,BB,AAA,AAA,D,A,D,C,BB,AAA,AA
1771,B,AA,A,B,A,BBB,D,AAA,C,BB
1772,BBB,BB,AAA,AA,AAA,BB,D,BB,B,BBB
1773,A,BBB,A,B,A,A,BBB,D,B,AAA
1774,BBB,AAA,AA,AAA,C,D,A,D,BB,BB
1775,BB,AAA,BBB,A,A,A,C,BB,BB,C
1776,AAA,A,AA,AAA,A,D,C,C,B,B
1777,BB,AA,BB,AA,AA,BBB,A,BBB,B,C
1778,AA,C,AAA,AA,BB,BB,A,B,AAA,AA
1779,BB,C,D,B,A,BB,B,BB,AAA,B
1780,AAA,AA,B,BBB,C,A,C,C,D,AA
1781,B,A,A,BB,AAA,C,B,D,B,A
1782,B,BB,BB,D,BB,AAA,A,AA,A,BBB
1783,C,C,D,D,BBB,BBB,C,D,A,B
1784,B,AAA,BB,C,AA,C,B,C,BBB,AA
1785,AA,A,C,D,BB,BB,A,AA,AAA,B
1786,BBB,C,D,BBB,C,D,AAA,BB,B,B
1787,AA,A,AA,C,AA,AAA,BB,BBB,D,BBB
1788,BB,D,C,BB,AA,B,A,C,D,AAA
1789,BBB,A,D,C,B,B,B,BB,BB,AA
1790,A,BB,AA,BB,A,BBB,BB,BB,AAA,D
1791,B,C,A,A,D,D,C,B,BBB,C
1792,AAA,A,A,BBB,B,B,AAA,C,C,C
1793,BBB,B,BBB,B,D,C,D,A,A,AAA
1794,BBB,C,D,BB,BBB,BB,AAA,BBB,D,A
1795,B,D,BB,BB,B,BBB,D,BB,AA,C
1796,A,AA,D,A,AA,D,AAA,D,AA,D
1797,BBB,D,BBB,A,A,B,D,BB,AA,AAA
1798,AAA,D,AAA,A,AAA,BB,AA,BBB,AAA,D
1799,AAA,BB,C,B,C,A,AAA,B,BB,AA
1800,B,D,B,B,A,BB,B,B,D,B
1801,D,AAA,C,AAA,D,D,C,C,B,BBB
1802,AAA,AA,A,AAA,B,AA,BB,C,B,B
1803,BBB,AA,C,AA,D,AA,AAA,B,AAA,C
1804,C,BB,AA,BB,C,A,B,B,AAA,B
1805,BB,C,BBB,D,D,B,B,B,BB,BB
1806,B,A,AA,BB,BB,BB,AAA,AA,C,B
1807,AA,B,BBB,C,D,BB,A,D,A,AAA
1808,AA,D,BBB,D,D,BB,C,B,BBB,AAA
1809,BB,AAA,D,A,C,D,A,A,BB,A
1810,AAA,BBB,B,D,BB,C,A,D,BB,A
1811,B,D,AA,A,C,A,A,BB,AA,AA
1812,AA,A,D,C,B,AAA,A,AA,BB,BB
1813,BB,A,B,BB,BBB,B,C,B,BB,A
1814,A,AAA,BB,BB,D,A,AAA,AA,BBB,A
1815,AAA,C,AAA,BBB,D,A,D,B,C,AA
1816,D,A,AAA,BBB,BB,BB,BBB,A,BB,B
1817,A,BBB,A,BB,C,BBB,B,C,D,BB
1818,D,AA,BBB,AAA,C,AA,B,BB,BB,BBB
1819,AAA,B,AA,BB,BB,BB,D,C,BB,C
1820,B,BB,A,A,BB,AA,C,BB,B,D
1821,AA,A,D,BBB,AAA,C,AAA,A,AAA,B
1822,AA,A,AA,AA,D,D,AA,A,B,BB
1823,AA,D,B,D,D,D,A,BBB,AAA,D
1824,D,BB,BB,BBB,B,BBB,B,A,C,AAA
1825,C,AAA,B,B,AA,AAA,AA,AA,BBB,B
1826,C,D,D,A,D,AA,BB,AA,BBB,BB
1827,B,A,D,BBB,BB,A,BB,BBB,B,AA
1828,A,AA,D,AA,BBB,AAA,AA,B,C,AAA
1829,BB,BBB,C,A,D,B,AAA,D,BB,AA
1830,BB,C,BBB,A,BBB,B,BB,B,AA,AA
1831,BBB,AA,AA,C,A,C,BB,A,A,C
1832,A,BBB,A,AAA,A,C,D,D,D,C
1833,A,D,C,BB,AA,BBB,D,B,BB,AA
1834,B,AA,AAA,C,BB,BBB,AA,D,D,BBB
1835,B,D,C,A,BBB,B,BBB,AA,B,A
1836,BB,BB,C,B,A,A,BBB,BB,C,A
1837,AA,BB,D,B,C,B,B,BBB,A,C
1838,B,AA,A,AA,BB,C,A,C,AA,B
1839,AA,A,A,B,BB,A,BBB,C,AAA,D
1840,C,B,B,B,AAA,C,C,BBB,BB,BB
1841,AAA,AAA,A,B,BB,A,B,A,BBB,AAA
1842,AAA,D,C,BBB,B,B,AA,D,BBB,C
1843,B,AA,AAA,C,AA,BB,B,AA,BB,D
1844,A,AA,C,B,AAA,AA,A,AAA,BBB,D
1845,C,D,BBB,B,A,AA,BB,BBB,BB,BB
1846,BBB,D,AAA,AA,C,A,A,B,AAA,AA
1847,AAA,A,A,AA,D,AA,BB,AA,A,D
1848,C,D,BB,AA,A,BBB,D,D,D,A
1849,C,AA,AAA,BB,AAA,AAA,A,A,AA,C
1850,D,AA,BB,C,A,BBB,BBB,AAA,A,BBB
1851,BBB,AAA,AA,AAA,B,C,AAA,AAA,B,A
1852,BBB,A,C,AA,D,AAA,AAA,BBB,A,A
1853,A,BB,C,AAA,BBB,D,B,BB,C,BB
1854,C,AAA,C,BBB,B,A,BB,C,B,BB
1855,B,BBB,AAA,BB,B,C,A,B,B,B
1856,AA,A,D,BB,AA,BBB,B,BBB,BBB,BB
1857,AAA,B,AAA,A,A,AA,D,BBB,A,AA
1858,AA,BB,BB,BBB,AA,AA,B,A,A,AAA
1859,B,AAA,A,D,BB,BB,AAA,A,AAA,B
1860,B,AAA,A,AA,BB,BBB,AA,B,D,A
1861,B,B,BB,AA,A,C,AA,AA,BB,BBB
1862,B,C,AAA,C,BBB,C,C,C,AAA,C
1863,AAA,B,A,BB,AAA,BB,BBB,AA,C,B
1864,B,BBB,AAA,BB,BB,D,AAA,AAA,D,AA
1865,C,B,C,AAA,AA,BBB,AA,BB,A,AAA
1866,BBB,AA,BB,B,BBB,AAA,C,D,AAA,C
1867,B,BB,AAA,A,A,B,AA,B,C,BB
1868,A,C,AAA,AAA,C,AA,BBB,D,B,D
1869,BBB,BB,D,BBB,AAA,BB,AA,BBB,AAA,B
1870,AA,D,AA,AAA,B,B,BBB,BBB,D,A
1871,BB,C,BBB,D,C,D,BBB,D,B,B
1872,BBB,A,D,A,B,AA,BBB,AA,BBB,AAA
1873,A,BB,A,D,BB,BBB,A,BB,BB,AAA
1874,AAA,C,AAA,B,BB,B,C,A,AA,C
1875,BBB,A,BBB,AAA,B,BB,BB,A,BBB,BBB
1876,BBB,BBB,B,C,A,C,AAA,AAA,AAA,AAA
1877,A,B,D,B,B,C,D,AAA,AAA,D
1878,B,B,AA,A,B,BBB,AA,BB,B,A
1879,AAA,AAA,BBB,C,D,A,D,AA,D,AA
1880,A,A,AAA,BBB,BBB,BBB,BBB,C,D,D
1881,BBB,A,BB,B,B,AA,A,AAA,BB,D
1882,A,A,BB,AA,AAA,BB,C,A,BB,AA
1883,B,D,AAA,BBB,BB,A,B,BB,D,C
1884,BBB,C,AA,AAA,AAA,AAA,B,BB,AAA,AAA
1885,BBB,BB,AAA,BBB,AAA,B,C,C,C,A
1886,AA,AA,C,BB,BB,AA,AA,AAA,BB,AA
1887,AAA,D,AAA,D,AAA,D,B,A,AAA,A
1888,B,A,A,AA,B,D,AAA,BBB,C,C
1889,D,BBB,B,C,AAA,BB,D,B,B,AA
1890,D,BBB,A,D,C,B,AAA,AAA,C,B
1891,BB,AAA,AA,BBB,AAA,D,BBB,D,AAA,A
1892,BBB,D,C,D,BB,B,D,C,BBB,AA
1893,D,BB,C,C,C,D,BB,A,C,AAA
1894,D,C,BBB,BB,AA,AA,C,D,BBB,BB
1895,B,B,C,AAA,A,BB,D,AAA,B,BBB
1896,B,D,BB,BB,AAA,A,BB,D,BB,AA
1897,C,BBB,BBB,BBB,AAA,BBB,B,C,AAA,A
1898,BB,C,C,A,D,A,BBB,A,AA,B
1899,AA,A,AAA,BB,BBB,AA,B,AA,AAA,D
1900,AA,BB,BB,AAA,D,A,B,B,D,D
1901,B,B,AA,BB,B,C,BBB,BB,AA,A
1902,B,AA,BBB,BB,BB,AAA,AA,AA,C,A
1903,A,AAA,AAA,AA,D,AA,AAA,B,B,B
1904,AA,BBB,D,C,D,B,D,D,AAA,C
1905,AA,AA,AA,C,D,A,AA,AA,AA,D
1906,BBB,BBB,AA,BB,BBB,D,BBB,B,D,B
1907,AA,AAA,D,AA,BB,C,C,BBB,A,AAA
1908,BB,D,C,AAA,AA,AAA,BBB,BB,BBB,C
1909,A,A,BBB,B,AA,C,C,BB,BB,BB
1910,A,B,D,B,B,D,BBB,AA,BBB,AA
1911,BBB,B,C,D,D,A,BB,AAA,BB,B
1912,AA,A,AA,B,AAA,C,B,AAA,C,AA
1913,AAA,AAA,BB,BBB,B,B,C,A,B,BBB
1914,A,D,A,BB,C,A,BBB,D,AA,B
1915,AA,A,D,D,C,AAA,C,A,D,B
1916,B,B,AAA,BB,BBB,BB,AAA,B,B,BB
1917,BBB,BB,AA,BBB,AAA,D,A,AA,BB,D
1918,C,C,C,BB,D,A,AAA,A,BBB,BBB
1919,BBB,AAA,BBB,AAA,B,BB,B,A,D,D
1920,AA,BB,B,D,C,B,AA,A,AA,AA
1921,B,BB,BB,BBB,BB,A,AA,AAA,B,D
1922,AAA,C,C,BBB,D,BBB,A,BB,B,BBB
1923,BB,AAA,A,D,A,AAA,A,B,D,AAA
1924,C,BBB,C,C,B,A,D,BBB,B,C
1925,AA,D,B,C,BB,C,AAA,D,BBB,BBB
1926,AA,BBB,D,A,BB,AA,AA,A,D,B
1927,A,AA,AAA,AAA,C,BBB,AAA,AAA,D,B
1928,AAA,BB,BB,BBB,BBB,AAA,AA,BBB,D,D
1929,BBB,D,BB,B,AAA,A,AA,AA,AAA,AAA
1930,BB,C,D,C,D,A,BBB,AAA,D,D
1931,D,C,BB,AA,C,A,A,BBB,AA,BB
1932,A,A,A,C,AAA,AA,BB,D,BB,C
1933,C,BB,D,AA,C,A,BBB,AAA,BBB,A
1934,C,BB,AAA,C,AA,AA,BBB,AA,B,B
1935,C,D,B,AA,B,BBB,B,C,A,AA
1936,BBB,BB,B,D,BBB,B,BBB,B,BB,AAA
1937,AA,AA,C,A,C,AA,AAA,BBB,AAA,B
1938,C,AAA,AAA,D,AAA,BBB,A,A,B,A
1939,C,B,AAA,D,AA,A,D,BB,AA,B
1940,AA,AAA,BBB,A,AA,AA,B,C,AAA,BB
1941,D,C,D,AA,AAA,D,AA,BBB,A,AA
1942,AA,D,A,D,D,A,BB,AAA,D,B
1943,AAA,D,D,A,BB,B,AAA,B,AAA,AAA
1944,D,AA,A,A,B,D,D,AA,B,A
1945,AA,B,D,A,A,B,BBB,A,BBB,D
1946,BBB,AA,A,AA,AAA,BBB,AA,BB,C,D
1947,C,AAA,AA,BBB,BBB,BB,AAA,B,C,B
1948,B,C,BBB,AA,BBB,D,AAA,AA,A,BBB
1949,BB,BB,AAA,AA,C,AAA,D,AAA,BB,BBB
1950,C,C,A,AAA,BB,BBB,BBB,BB,B,C
1951,A,D,C,BB,BB,D,D,AAA,C,A
1952,D,B,D,BB,AAA,AA,AAA,D,AAA,C
1953,D,AAA,AAA,BB,D,AA,A,AAA,AA,BB
1954,BB,A,B,D,A,BBB,AA,AAA,BBB,D
1955,AAA,B,C,B,AA,AA,A,D,D,A
1956,BBB,BB,BB,C,AAA,AAA,C,A,AA,D
1957,A,C,AAA,AA,AAA,AAA,D,AAA,AAA,D
1958,BB,AA,AA,BBB,AAA,C,A,D,AA,BBB
1959,AAA,D,D,A,BBB,B,BB,AAA,B,B
1960,AA,AAA,D,A,AA,BB,AA,B,B,C
1961,A,C,B,D,A,AA,C,B,AA,A
1962,B,A,A,AAA,AA,C,AA,C,A,C
1963,B,BBB,A,B,AA,B,BBB,D,AAA,B
1964,AA,BBB,AAA,D,A,AAA,BBB,C,BBB,BB
1965,AA,AA,BB,BB,B,BB,BB,A,C,B
1966,AAA,AA,AAA,AAA,A,AAA,C,D,AAA,BBB
1967,BBB,C,AAA,AA,AAA,A,AAA,AA,BB,AA
1968,A,B,D,BB,BB,BBB,B,AAA,AA,D
1969,D,A,BBB,AA,AA,AA,AAA,BB,AAA,B
1970,C,A,BB,BBB,AA,AAA,AAA,D,AA,C
1971,AAA,C,AA,AAA,BB,C,BB,AA,AA,AA
1972,BBB,AA,BBB,C,B,C,BB,BBB,C,BBB
1973,C,D,D,B,A,C,D,AA,AAA,AAA
1974,BBB,AAA,C,A,A,BBB,AA,A,BBB,D
1975,AA,C,AAA,A,AAA,A,AAA,B,B,D
1976,BB,A,A,D,D,AAA,C,AA,AA,D
1977,BBB,C,C,AAA,BB,A,BBB,B,A,AAA
1978,D,B,BBB,AA,A,AA,B,BBB,AA,BBB
1979,AAA,C,BBB,B,A,A,BBB,BBB,A,BB
1980,D,AAA,D,A,AAA,BBB,B,AA,B,A
1981,BB,C,AA,D,D,B,BBB,BBB,C,A
1982,D,AA,C,BBB,B,C,D,AA,D,AAA
1983,D,C,B,BBB,A,C,B,C,B,B
1984,BB,BB,B,C,D,B,D,C,BB,AA
1985,A,D,BBB,BB,BB,BB,D,BBB,D,A
1986,C,D,AA,B,D,D,B,A,BB,BB
1987,AA,AAA,C,D,AAA,AAA,A,BBB,BB,A
1988,BBB,B,C,D,AAA,C,C,AA,AAA,BBB
1989,AA,C,BB,D,C,C,AA,AAA,A,C
1990,AA,D,AA,D,BBB,AA,B,BB,A,B
1991,C,A,C,C,B,AAA,BBB,AAA,BB,AA
1992,A,D,BBB,C,C,BB,D,B,C,A
1993,A,B,BB,AAA,AA,AA,BBB,BBB,BB,AA
1994,BB,BB,D,A,BB,AA,D,BB,AAA,BB
1995,AA,B,B,AAA,BB,B,B,D,D,B
1996,D,C,BB,AA,B,AAA,AA,BB,AA,A
1997,BBB,AAA,A,C,B,AAA,BBB,C,A,B
1998,C,BB,BB,BB,D,BBB,BBB,D,A,B
1999,B,AAA,BB,C,D,A,D,D,AA,BBB
2000,B,D,D,D,AAA,A,BB,BB,BB,BB
